,Risk,Leverage
AAON,0.2222222222222222,3.697927333483166
AAT,0.1111111111111111,4.178923390865
AAWW,0.0,1.8196574293052785
ABCB,0.5555555555555556,10.25130867818777
ABG,0.16666666666666666,2.6117991246617738
ABM,0.3333333333333333,4.994774965032313
ABR,0.16666666666666666,4.73614144626841
ABTX,0.3333333333333333,5.157571431288616
ABUS,0.16666666666666666,3.266097465996495
AC,0.1111111111111111,4.3116314022762445
ACA,0.7777777777777778,-8.463649098929249
ACAD,0.8333333333333334,-5.900928913404981
ACBI,0.1111111111111111,2.5364492886506436
ACCO,0.5,6.94220935891261
ACEL,0.16666666666666666,4.990661064166354
ACET,0.2222222222222222,2.864184489154274
ACIW,0.6111111111111112,-9.108433570622612
ACLS,0.16666666666666666,4.669424265771888
ACRE,0.3333333333333333,10.552820483980044
ACRS,0.3888888888888889,9.853744823889642
ACTG,0.16666666666666666,4.830998675730762
ADC,0.16666666666666666,3.393256515347061
ADN,0.0,5.010530220918082
ADNT,0.5,15.787458248786757
ADTN,0.1111111111111111,3.516444476899263
ADUS,0.5555555555555556,25.474167149834784
ADVM,1.0,0.19390281986784053
AEIS,0.5,15.797248050545976
AEL,0.2222222222222222,3.8817657011345665
AEO,0.16666666666666666,2.892318478275183
AERI,0.2777777777777778,6.795810408694072
AFIN,0.4444444444444444,15.64756722050246
AFMD,0.5555555555555556,6.930704677512542
AGEN,0.16666666666666666,3.5142823128856717
AGIO,0.7777777777777778,-10.462900174597017
AGLE,0.7777777777777778,-53.89485473829768
AGM,0.05555555555555555,2.266786216479308
AGS,0.2222222222222222,3.043210440868771
AGX,0.3888888888888889,4.723534741999663
AGYS,0.3333333333333333,7.87306852408101
AHCO,0.5555555555555556,21.136666172333342
AHH,0.05555555555555555,6.228272424859738
AHT,0.3888888888888889,7.378504092250578
AIMC,0.7222222222222222,-8.230872071021212
AIN,0.4444444444444444,11.583825664634833
AIR,0.4444444444444444,19.03136785728511
AIT,0.16666666666666666,3.717433003106071
AIV,0.16666666666666666,4.590656717752275
AJRD,0.8888888888888888,-0.1252807766292012
AJX,0.05555555555555555,1.5887598320851486
AKBA,0.3333333333333333,3.655577094371487
AKR,0.2222222222222222,4.5473228193003
AKRO,0.3333333333333333,6.238203803557347
AKTS,0.5555555555555556,12.529809925805898
ALBO,0.7222222222222222,-10.368270118766375
ALDX,0.7222222222222222,-5.028054400914705
ALE,0.3888888888888889,5.546767921305233
ALEC,0.1111111111111111,3.781278555534881
ALEX,0.0,2.4406829777224823
ALG,0.3888888888888889,5.989817705217028
ALGT,0.7777777777777778,-10.570014372902724
ALKS,0.05555555555555555,3.167972881876748
ALLK,1.0,0.16975437899579668
ALLO,0.6666666666666666,-8.640368299989055
ALPN,0.2777777777777778,5.031322095310133
ALRM,0.2777777777777778,6.893282348925472
ALRS,0.16666666666666666,4.195134608433212
ALT,0.3333333333333333,6.773665762235606
ALTG,0.1111111111111111,4.15300755658336
ALTM,0.05555555555555555,2.4603177368142437
ALTO,0.8333333333333334,-4.330839623341482
ALTR,0.2777777777777778,6.430846508165089
ALX,0.3888888888888889,4.835776261979614
AMAL,0.3333333333333333,5.826073840457541
AMBA,0.2777777777777778,4.002790620053866
AMBC,0.2777777777777778,7.547517214036413
AMC,0.05555555555555555,11.472418449430222
AMCX,0.2222222222222222,6.527089768628417
AMEH,0.0,3.126076191886474
AMK,0.1111111111111111,5.81144306254577
AMKR,0.2777777777777778,4.190451666940073
AMN,0.0,1.7677190458207734
AMNB,0.0,1.7131025835659504
AMOT,0.3333333333333333,7.970172260102972
AMPE,0.7222222222222222,30.756030999915357
AMPH,0.16666666666666666,3.641584297058272
AMRC,0.3333333333333333,3.96805965978451
AMRK,0.0,3.356146313350261
AMRS,0.5,7.607629518969778
AMRX,0.3888888888888889,5.612087936352589
AMSC,0.6666666666666666,16.48784762600771
AMSF,0.3333333333333333,4.134497791536716
AMSWA,0.0,2.5037021759697433
AMTB,0.0,1.8426568681276068
AMTX,0.1111111111111111,2.389647070928488
AMWD,0.8888888888888888,-0.536908716782257
ANAB,0.0,1.869907422353646
ANAT,0.0,3.2021614467878385
ANDE,0.0,2.074092383457553
ANF,0.1111111111111111,1.7155604372769886
ANGO,0.0,2.6938820579735743
ANIK,0.05555555555555555,2.746205074038139
ANIP,0.05555555555555555,2.918921947028304
AOSL,0.1111111111111111,3.9607379131664366
APAM,0.5,12.546793709855834
APEI,0.6111111111111112,-5.107997413978606
APLE,0.1111111111111111,4.372994615180861
APLS,0.2222222222222222,5.152444738683669
APLT,0.7777777777777778,-34.56041257183498
APOG,0.0,2.2619400755479893
APPF,0.7222222222222222,-6.953709232473615
APPN,0.3888888888888889,14.140792725532714
APPS,0.3888888888888889,5.812899327950914
APTS,0.0,1.8808021235882404
APYX,0.0,2.15244671280696
AQB,0.9444444444444444,-0.2786839525551855
AQUA,0.0,1.7664751667253404
AR,0.0,2.346202304794341
ARAY,0.2222222222222222,3.4685020538124944
ARCB,0.0,2.5005471878809744
ARCH,0.2222222222222222,4.63685839971363
ARCT,0.16666666666666666,4.9468099419935525
ARDX,0.6666666666666666,-8.597008502834685
ARGO,0.16666666666666666,4.381381432903554
ARI,0.3888888888888889,5.513876270159462
ARKO,0.16666666666666666,4.337137314834084
ARLO,0.0,2.7017908913540474
ARNA,0.6111111111111112,24.005339760272573
AROC,0.8333333333333334,-0.8808794826306926
AROW,0.05555555555555555,2.4632502225134276
ARR,0.7222222222222222,-9.322811818464176
ARTNA,0.0,2.1869569200129497
ARVN,0.6111111111111112,14.00797646689719
ARWR,0.3888888888888889,9.274183440188553
ASB,0.3333333333333333,6.078508333679204
ASGN,0.3888888888888889,5.612070382936337
ASIX,0.0,2.205177117773886
ASLE,0.05555555555555555,6.1998787000499185
ASPN,0.0,4.99578032154458
ASTE,0.4444444444444444,6.507443556007577
ASXC,0.6111111111111112,12.22819948805894
ATCX,0.4444444444444444,12.052579983640761
ATEC,0.6111111111111112,-3.354974274234577
ATEN,0.0,2.1915436659811234
ATER,0.5,9.970634474582464
ATEX,0.1111111111111111,1.760477526085156
ATGE,0.3888888888888889,7.73185620736765
ATHX,0.5555555555555556,21.944607443982317
ATI,0.2222222222222222,5.25452861791882
ATKR,0.0,3.1958808364163986
ATLC,0.0,2.3289503627057764
ATNI,0.4444444444444444,9.370240219091784
ATNX,0.7777777777777778,-2.4699482042102345
ATOM,0.3333333333333333,11.921016945702156
ATOS,0.3333333333333333,5.531926980905192
ATRA,0.2777777777777778,6.131773372520789
ATRC,0.16666666666666666,3.956924681414867
ATRI,0.1111111111111111,3.309214134797598
ATRO,0.16666666666666666,2.9793975986873837
ATRS,0.3888888888888889,7.2521734061206935
ATSG,0.5555555555555556,-6.44852958112441
AUB,0.3333333333333333,4.956815511574895
AUD,0.3333333333333333,10.978032100022723
AVA,0.3333333333333333,5.14912332870513
AVAV,0.3333333333333333,6.253734523376318
AVD,0.3888888888888889,18.343403662657874
AVID,0.16666666666666666,6.257646538131059
AVNS,0.8333333333333334,-10.981633446901151
AVNT,0.3888888888888889,4.608983142367566
AVNW,0.2222222222222222,5.783250411478245
AVRO,0.5555555555555556,62.28316080590414
AVTX,0.3888888888888889,9.852686449103963
AVXL,0.0,6.797902095260691
AVYA,0.5555555555555556,3383.40747033981
AWH,0.8333333333333334,-3.8686620646713354
AWR,0.0,1.7264091344589512
AX,0.1111111111111111,3.3564173487201066
AXDX,0.2222222222222222,4.424843153475521
AXGN,0.7222222222222222,-35.553622107969545
AXL,0.2777777777777778,4.372336868784843
AXNX,0.5555555555555556,31.727050952502868
AXSM,0.7777777777777778,-0.9167562686103391
AXTI,0.3333333333333333,6.801223993437662
AZZ,0.0,2.806301504876164
B,0.5555555555555556,-19.341876570942585
BALY,0.5555555555555556,81.17721541656863
BANC,0.3333333333333333,7.338905284550918
BAND,0.5,46.08278932238192
BANF,0.16666666666666666,2.7319012281250314
BANR,0.16666666666666666,2.482618797702561
BATRA,0.2777777777777778,5.261173641101187
BATRK,0.2777777777777778,6.702454881069472
BBBY,0.5,11.786922041350795
BBCP,0.0,2.168321056705837
BBIO,0.9444444444444444,-0.20876877650530098
BBSI,0.3333333333333333,3.9736967457103813
BCC,0.2222222222222222,3.4739589267993667
BCEL,0.8888888888888888,-5.850977574924546
BCO,0.6666666666666666,-12.745111078207383
BCOR,0.5,11.373282639006332
BCOV,0.7777777777777778,-27.229784941901425
BCPC,0.0,2.303699333072206
BCRX,0.05555555555555555,2.9621683002465424
BDC,0.05555555555555555,1.9910674699329698
BDN,0.2777777777777778,4.621166880808735
BDSI,0.2777777777777778,4.561301061860818
BE,0.5555555555555556,59.962637873346566
BECN,0.2777777777777778,6.7007688228757045
BEEM,0.6666666666666666,-74.23865083381598
BFC,0.3888888888888889,7.860821430946026
BFS,0.05555555555555555,1.6343627405221193
BFST,0.1111111111111111,2.5425988709917853
BGCP,0.5555555555555556,9.553978674617355
BGFV,0.1111111111111111,2.7857472617538734
BGS,0.05555555555555555,3.266823371538988
BH,0.05555555555555555,5.455445336988228
BHB,0.2777777777777778,6.366389465503024
BHE,0.3888888888888889,41.18706038478551
BHLB,0.05555555555555555,3.641603182082034
BHR,0.6666666666666666,15.408162101050728
BHVN,0.05555555555555555,2.8832785974590567
BIG,0.7777777777777778,-16.6573830340913
BJ,0.0,1.6575218592677832
BJRI,0.6666666666666666,-5.283393020286073
BKD,0.1111111111111111,2.2976161258218673
BKE,0.05555555555555555,2.5915436456140224
BKH,0.0,2.453318825179216
BKU,0.6666666666666666,28.681984037583867
BL,0.4444444444444444,10.80468157200865
BLBD,0.2222222222222222,3.944632583948651
BLFS,0.2777777777777778,5.882130012378914
BLKB,0.05555555555555555,1.9442971891481162
BLMN,0.2777777777777778,4.734789138242396
BLNK,0.3333333333333333,4.205192004989562
BLUE,0.7777777777777778,-2.0770094555934944
BLX,0.05555555555555555,2.1844190737282787
BMI,0.3888888888888889,5.140582895198415
BMRC,0.05555555555555555,2.360936839008554
BMTC,0.2222222222222222,6.108109820719776
BNED,0.2777777777777778,4.774562794998997
BNFT,0.7777777777777778,-1.7698925868426407
BNGO,0.6666666666666666,-15.014246089898771
BOMN,0.05555555555555555,4.206962436208322
BOOM,0.4444444444444444,7.421284852965746
BOOT,0.0,1.8718468708465459
BOX,0.0,2.0551460922896543
BPMC,0.05555555555555555,3.258361741561283
BRBR,0.1111111111111111,3.3885976477419995
BRBS,0.0,2.765812718423582
BRC,0.1111111111111111,2.353619842552613
BRKL,0.16666666666666666,2.9831209365921034
BRMK,0.9444444444444444,-1.055287674728236
BRP,0.0,3.0662460552170083
BRSP,0.05555555555555555,2.974539560598351
BRT,0.05555555555555555,3.3728587133761727
BRY,0.0,3.4864269339076635
BSET,0.5,9.733836829170214
BSIG,0.05555555555555555,3.1137654173118388
BSRR,0.1111111111111111,3.861563434117717
BTAI,0.8888888888888888,-1.2312666847799416
BTRS,0.1111111111111111,3.926774553746693
BTU,0.05555555555555555,7.2343204330731
BTX,0.05555555555555555,5.9470716205983445
BUSE,0.1111111111111111,2.6243527660510084
BV,0.7777777777777778,-21.67291875220991
BVH,0.0,2.0600457758653516
BW,0.05555555555555555,2.3259574517768784
BWB,0.2222222222222222,5.639548094260005
BXC,0.0,2.3005744959522203
BXMT,0.2777777777777778,6.296957664659717
BY,0.05555555555555555,3.1317955086364875
BYRN,0.6111111111111112,20.992031622878887
BYSI,0.2777777777777778,5.131920018112406
BZH,0.2777777777777778,3.3224523370019923
CAC,0.2777777777777778,5.742356287969825
CADE,0.5555555555555556,17.188183726535666
CAKE,0.3333333333333333,5.893657972454366
CAL,0.05555555555555555,2.885807165488893
CALM,0.05555555555555555,1.9154801538928852
CALX,0.16666666666666666,4.6437946809966135
CAMP,0.6666666666666666,55.42403621029738
CAR,0.0,2.286606672520256
CARA,0.4444444444444444,9.212403960159353
CARE,0.1111111111111111,3.0144992903271213
CARG,0.16666666666666666,4.065493852759129
CARS,0.05555555555555555,3.608785923775586
CASA,0.2222222222222222,3.6025435693745718
CASH,0.1111111111111111,2.8268053441820924
CASS,0.16666666666666666,3.407356040855492
CATC,0.2777777777777778,3.8335727994334965
CATO,0.0,2.0029640423106496
CATY,0.3888888888888889,4.870316536680037
CBAY,0.8888888888888888,-3.1472073572408013
CBNK,0.05555555555555555,3.057481027568887
CBRL,0.6666666666666666,-12.694913368292982
CBT,0.2777777777777778,4.775122410538372
CBTX,0.3888888888888889,7.902250812472113
CBU,0.05555555555555555,3.5154195283512473
CBZ,0.05555555555555555,2.3073751258116633
CCB,0.05555555555555555,4.326647745580555
CCBG,0.6111111111111112,82.50498744109491
CCF,0.3888888888888889,14.421756085670735
CCMP,0.2777777777777778,4.237162017785864
CCNE,0.2777777777777778,4.369411461734569
CCO,0.05555555555555555,2.2479521944896446
CCOI,0.16666666666666666,3.6275743878607933
CCRN,0.05555555555555555,2.4242302996214953
CCS,0.16666666666666666,2.5868554477344134
CCXI,0.3333333333333333,2.672041260817401
CDE,0.6666666666666666,-185.0189457916883
CDEV,0.0,4.109758329871151
CDLX,0.5,30.180364034854364
CDMO,0.0,2.8314193608657803
CDNA,0.7777777777777778,-2.661148406350062
CDXC,0.3333333333333333,7.143996286666779
CDXS,0.3333333333333333,4.227768980128368
CDZI,0.3888888888888889,8.335233952606336
CECE,0.2777777777777778,8.478624692340098
CEIX,0.0,3.355793527704122
CELC,0.1111111111111111,3.7890695174410163
CELH,0.2222222222222222,2.787813710490712
CENT,0.1111111111111111,5.490699537903076
CENTA,0.2777777777777778,5.2488119435945215
CENX,0.16666666666666666,3.8598734109896027
CERS,0.2777777777777778,4.672756986674895
CEVA,0.2222222222222222,5.141576009086637
CFB,0.0,2.788493727977113
CFFN,0.6111111111111112,-918.4742665086337
CHCO,0.2222222222222222,5.036635596566875
CHCT,0.5,5.877387477664645
CHEF,0.3888888888888889,8.644283251895937
CHRS,0.16666666666666666,6.089615155391222
CHS,0.05555555555555555,5.612139951328228
CHUY,0.5,8.229505232082465
CHX,0.3888888888888889,8.041932601526383
CIA,0.05555555555555555,2.0701845251727917
CIM,0.05555555555555555,3.0962747679812153
CIO,0.0,2.911228573522503
CIR,0.3888888888888889,7.128471002757572
CIT,0.4444444444444444,6.330832777932007
CIVB,0.3333333333333333,5.243120468369054
CIX,0.0,4.881603710019389
CLAR,0.0,2.0865439960861347
CLBK,0.2222222222222222,3.102786724232357
CLDT,0.2777777777777778,4.440457825136804
CLDX,0.2222222222222222,3.42980017645212
CLFD,0.05555555555555555,3.903145330546353
CLI,0.05555555555555555,3.6101505323163354
CLNE,0.3888888888888889,9.619644256400791
CLNN,0.0,4.325311617376006
CLPR,0.0,2.7906176680144243
CLPT,0.2777777777777778,4.585658668086887
CLSK,0.4444444444444444,19.56358103052003
CLVS,0.6111111111111112,7.875419275203574
CLW,0.6111111111111112,184.72195118266768
CMBM,0.5555555555555556,27.793155077382696
CMC,0.16666666666666666,3.1229268656182314
CMCO,0.7777777777777778,-2.5030196650541536
CMP,0.3333333333333333,7.2572174763899175
CMPR,0.16666666666666666,5.876579126190554
CMRE,0.2222222222222222,6.220491055334026
CMRX,0.4444444444444444,7.301519176280257
CMTL,0.5555555555555556,17.051263362213607
CNDT,0.2777777777777778,11.378212965777466
CNK,0.05555555555555555,2.926118487950576
CNMD,0.5555555555555556,44.58691291257539
CNNE,0.5555555555555556,-44.125504327650866
CNO,0.3333333333333333,7.776502200877977
CNOB,0.1111111111111111,2.7727882912904733
CNR,0.5555555555555556,6.630432374986833
CNS,0.1111111111111111,3.7135123476802905
CNSL,0.16666666666666666,3.9388754198399702
CNTY,0.16666666666666666,3.8382043414148828
CNX,0.2222222222222222,3.3158611210237234
CNXN,0.6111111111111112,425.33509570716797
COGT,0.6666666666666666,-15.82372197512208
COHU,0.5555555555555556,11.684500352724095
COKE,0.0,2.227103869329041
COLB,0.6111111111111112,-6.997942611364031
COLL,0.2222222222222222,6.838969523747333
CONN,0.05555555555555555,5.0924027067299535
COOP,0.2222222222222222,2.8712051328432655
CORT,0.4444444444444444,10.769846655251424
COWN,0.3333333333333333,8.139647180257224
CPE,0.05555555555555555,3.6623452271982373
CPF,0.2222222222222222,4.271114557913686
CPK,0.0,2.7140745500698324
CPLG,0.0,2.1032752074281533
CPRX,0.0,1.788138708095689
CPS,0.7777777777777778,-5.3932713528590535
CPSI,0.0,3.3876647580810118
CRAI,0.0,2.572884819392627
CRDF,0.8888888888888888,-1.4485636624396185
CRIS,0.7777777777777778,-2.534271078494491
CRK,0.2777777777777778,3.26281989950967
CRMD,0.6666666666666666,-6.515267324746563
CRMT,0.5555555555555556,20.058054300183358
CRNC,0.6111111111111112,22.040934937377475
CRNX,0.2222222222222222,5.581031753473561
CROX,0.2222222222222222,3.830436178677358
CRS,0.5555555555555556,12.03235889730688
CRTX,0.3888888888888889,5.399859048220045
CRVL,0.0,1.6201930944779963
CRY,0.3888888888888889,7.174005739123256
CSGS,0.2777777777777778,5.734137423674351
CSII,0.6666666666666666,-13.298384923106903
CSLT,0.1111111111111111,4.1351480747835785
CSR,0.0,1.8716313044191017
CSSE,0.2777777777777778,9.091572970340152
CSTE,0.16666666666666666,2.797517436946504
CSTL,0.8333333333333334,-3.7224498129899457
CSTM,0.3888888888888889,5.85483530853601
CSTR,0.3333333333333333,6.036857636850824
CSV,0.0,2.05882291195297
CSWI,0.3888888888888889,13.395584537675447
CTBI,0.5555555555555556,8.85483130329098
CTLP,0.3888888888888889,6.16855262397543
CTMX,0.5,18.19227032642874
CTO,0.05555555555555555,2.9509546024361657
CTOS,0.16666666666666666,4.710484746572347
CTRE,0.5555555555555556,11.811091150331938
CTRN,0.2222222222222222,6.251448825889918
CTS,0.3333333333333333,8.603298835331161
CTSO,0.5555555555555556,-48.15526861352112
CTT,0.2777777777777778,3.9648948652776865
CTXR,0.05555555555555555,2.8563921946709825
CUBI,0.0,1.9870797590132216
CUE,0.4444444444444444,7.223853755971491
CURO,0.16666666666666666,2.7023710066171733
CUTR,0.05555555555555555,3.7278619105128707
CVA,0.0,
CVBF,0.3333333333333333,3.210820855535763
CVCO,0.16666666666666666,2.8683396597084845
CVET,0.7777777777777778,-3.6049806669958735
CVGI,0.5555555555555556,23.597554332338348
CVGW,0.6111111111111112,33.97060327591634
CVI,0.2777777777777778,7.018965857862299
CVLG,0.1111111111111111,2.6645410721677707
CVLT,0.4444444444444444,7.6506431165666555
CVM,0.0,2.313300416659277
CWEN,0.16666666666666666,2.7591591073078554
CWH,0.2222222222222222,2.7247195077751263
CWK,0.05555555555555555,1.9961116279303162
CWST,0.0,1.6796104742554
CWT,0.0,1.7946905611673953
CXP,0.0,1.5953109657115228
CXW,0.4444444444444444,12.46765553182436
CYH,0.4444444444444444,6.353908906580264
CYRX,0.2222222222222222,3.709531787972666
CYTK,0.05555555555555555,3.0212596546455655
CZNC,0.05555555555555555,2.629444114140415
DAKT,0.16666666666666666,5.765875385255149
DAN,0.6111111111111112,-28.377955409345944
DBD,0.6666666666666666,-11.232267600217162
DBI,0.05555555555555555,3.590377239527932
DBRG,0.2222222222222222,3.174226435169084
DCO,0.7222222222222222,-9.784150547062945
DCOM,0.0,1.7565807558055169
DCPH,0.6666666666666666,-8.539101801778688
DDD,0.1111111111111111,4.665501495523855
DDS,0.05555555555555555,4.181485336148928
DEA,0.2777777777777778,4.0840407717983425
DENN,0.3333333333333333,7.985197767526972
DFIN,0.0,2.6173816278781388
DGICA,0.4444444444444444,12.265491858220203
DGII,0.0,2.9749019633220852
DHC,0.7222222222222222,-19.270301776269104
DHIL,0.16666666666666666,3.1315132512155937
DHT,0.2222222222222222,3.07128665395113
DIN,0.4444444444444444,9.416336749197281
DIOD,0.3333333333333333,5.3052844769139735
DJCO,0.0,1.6007794428806925
DK,0.7222222222222222,19.97248130113847
DLTH,0.16666666666666666,4.977232038984488
DLX,0.5555555555555556,15.813875872571485
DM,0.1111111111111111,7.023630982415284
DMRC,0.2777777777777778,5.4657061835909415
DMS,0.2222222222222222,3.7771260539804006
DMTK,0.5555555555555556,9.125045731581903
DNLI,0.6666666666666666,-12.344317133213647
DNOW,0.16666666666666666,4.517270759767192
DOC,0.2777777777777778,5.037488563598519
DOMO,0.16666666666666666,3.8010853842569077
DOOR,0.3888888888888889,6.533216480282457
DORM,0.3888888888888889,5.2841442780118015
DRH,0.5555555555555556,8.287390989121642
DRIO,0.3333333333333333,7.445256264727843
DRNA,0.1111111111111111,2.3073507377924476
DRQ,0.7777777777777778,-36.504051380263185
DRRX,0.6111111111111112,-2.0657737953257067
DS,0.16666666666666666,4.254906323696393
DSKE,0.05555555555555555,2.932597539951843
DSPG,0.0,
DTIL,0.5,39.50710475086614
DVAX,0.0,3.3107456799125345
DX,0.3888888888888889,10.959376009831434
DXPE,0.6111111111111112,-13.965785136025568
DY,0.16666666666666666,3.056527900330194
DZSI,0.3333333333333333,5.6302569974203855
EAF,0.5555555555555556,30.436762433586583
EAT,0.7777777777777778,-1.016256843744495
EB,0.3888888888888889,10.747928134301487
EBF,0.2222222222222222,4.47928632604959
EBIX,0.7777777777777778,-35.75795270125524
EBS,0.8333333333333334,-2.9032239391031225
EBTC,0.0,1.973823501002209
ECOL,0.7222222222222222,-8.438608064805607
ECOM,0.0,3.3939656059757097
ECPG,0.0,1.662911790617173
ECVT,0.5555555555555556,13.538761183014122
EDIT,0.5,7.60765682071024
EEX,0.4444444444444444,13.890336908908612
EFC,0.2222222222222222,5.842268227823516
EFSC,0.3333333333333333,11.430667080720355
EGAN,0.7222222222222222,-2.5668081867139527
EGBN,0.4444444444444444,8.403918004146893
EGHT,0.7777777777777778,-1.352398534498578
EGLE,0.05555555555555555,3.6422369322960026
EGP,0.0,1.671055728460553
EGRX,0.3333333333333333,7.508959288842849
EHTH,0.7222222222222222,-1.9116823978406032
EIG,0.2222222222222222,3.0974605565453417
EIGR,0.8888888888888888,-1.0079770965033483
ELF,0.0,2.157261950053574
ELY,0.3888888888888889,7.205784750478758
EME,0.5,12.66127147641834
EMKR,0.3333333333333333,5.574695233424939
ENDP,0.2777777777777778,5.366950698722418
ENR,0.6111111111111112,-10.470733986479063
ENS,0.6111111111111112,-3.33550150908307
ENSG,0.7777777777777778,-4.17094781526095
ENTA,0.1111111111111111,3.802125477733461
ENV,0.5555555555555556,38.56442466851459
ENVA,0.16666666666666666,2.694850391794039
EOLS,0.0,2.8489214522974766
EPAC,0.6666666666666666,-1.3854749981581662
EPAY,0.2777777777777778,4.435710487213647
EPC,0.05555555555555555,2.329727855289108
EPRT,0.0,1.8647753546215324
EPZM,0.9444444444444444,-1.6375571715799249
EQBK,0.2777777777777778,4.409301015577101
EQC,0.4444444444444444,7.3054465735763685
ERII,0.0,2.332811228049524
ESCA,0.1111111111111111,3.627604232226215
ESE,0.1111111111111111,3.3100092934828282
ESGC,0.2777777777777778,5.1358097004990855
ESGR,0.3888888888888889,4.3251819246352
ESNT,0.6111111111111112,-15.381119163905804
ESPR,0.8333333333333334,-1.1481980014824196
ESRT,0.3888888888888889,9.669955172522302
ESTE,0.0,2.793585343259106
ETD,0.05555555555555555,2.1642118196066695
ETNB,0.8333333333333334,-1.6141094906515283
ETRN,0.0,2.7590875796978374
EVC,0.05555555555555555,2.6178192349766136
EVER,0.9444444444444444,-6.900842171121776
EVH,0.0,1.724375668795834
EVI,0.0,3.2062201163080575
EVLO,0.1111111111111111,4.568100117984325
EVOP,0.3888888888888889,7.8404647145099915
EVRI,0.2222222222222222,4.36746887686056
EVTC,0.3888888888888889,5.2700951476390205
EXLS,0.05555555555555555,1.8435272247503292
EXPI,0.2222222222222222,5.691061302554319
EXPO,0.16666666666666666,3.675449086599826
EXTR,0.1111111111111111,3.445480877118159
EYE,0.5,5.961297856118562
EYPT,0.1111111111111111,2.5775456122678655
EZPW,0.0,1.9902449476765234
FARO,0.6111111111111112,-11.574846924157658
FATE,0.7222222222222222,-10.418827121111255
FBC,0.2777777777777778,4.201333891195655
FBIO,0.2222222222222222,3.8209223805059778
FBK,0.1111111111111111,3.2976786413527837
FBMS,0.2222222222222222,4.925684315652173
FBNC,0.3888888888888889,7.373534995711184
FBP,0.16666666666666666,4.509816878851957
FBRX,1.0,0.7719426848639023
FC,0.0,2.0315664021484143
FCBC,0.16666666666666666,2.669977365252504
FCF,0.2777777777777778,3.0104514009153265
FCFS,0.3333333333333333,3.5303895674630623
FCPT,0.3888888888888889,6.91806426839404
FDBC,0.4444444444444444,7.21784055063912
FDP,0.16666666666666666,2.468179063032414
FELE,0.2777777777777778,3.368256354141806
FF,0.7777777777777778,-4.5044331379278555
FFBC,0.2222222222222222,3.1526645750505478
FFIC,0.16666666666666666,2.7882338369368616
FFIN,0.16666666666666666,3.138770678005562
FFWM,0.5555555555555556,15.355732421440253
FGEN,0.6666666666666666,-3.8664949164664653
FHI,0.16666666666666666,3.4545219422793196
FIBK,0.5,6.608016061777278
FISI,0.2777777777777778,4.433362130284834
FIX,0.16666666666666666,3.1651957532857926
FIXX,0.7777777777777778,-2.4396619227148855
FIZZ,0.1111111111111111,4.841300091927381
FLDM,0.5,25.60397369827615
FLGT,0.16666666666666666,2.5354592989288194
FLIC,0.2222222222222222,6.012716103795392
FLL,0.1111111111111111,3.5059191699242978
FLMN,0.1111111111111111,3.7777562000323193
FLNT,0.6666666666666666,49.758473527115676
FLOW,0.0,1.6429205121032187
FLR,0.0,3.6546602031228956
FLWS,0.5555555555555556,25.130856597013274
FLXS,0.2777777777777778,6.037572788971932
FMBH,0.5555555555555556,-5.2826538110034225
FMBI,0.3333333333333333,4.784638746383815
FMNB,0.1111111111111111,1.9769470635518174
FN,0.16666666666666666,3.3640951422458616
FNKO,0.1111111111111111,2.989729158708527
FNLC,0.1111111111111111,3.735892089015992
FOA,0.1111111111111111,6.313212673316143
FOCS,0.16666666666666666,3.990542178234654
FOE,0.0,2.0855073657324947
FOLD,0.7777777777777778,-1.1807794258600837
FOR,0.2777777777777778,5.775497270381019
FORM,0.5555555555555556,9.421659255815271
FORR,0.0,2.4482538028710685
FOSL,0.16666666666666666,7.816658850624174
FOXF,0.1111111111111111,2.84223022196994
FPI,0.0,3.253546111434908
FRBA,0.1111111111111111,4.809926736160502
FRBK,0.16666666666666666,3.7681609460498446
FREE,0.3333333333333333,7.187514119150452
FREQ,0.3888888888888889,8.681983038805836
FRG,0.05555555555555555,3.061426384579893
FRGI,0.16666666666666666,3.5220311551103936
FRME,0.5555555555555556,9.94039113346432
FRO,0.2222222222222222,3.3743377396765535
FRPH,0.2222222222222222,3.899286785429359
FRST,0.5,14.724751437561176
FRTA,0.1111111111111111,2.468152727772172
FSBW,0.2222222222222222,5.997987109134625
FSP,0.3333333333333333,6.465936521066285
FSR,0.0,8.826213497734905
FSS,0.16666666666666666,2.2461800513883925
FTSI,0.0,4.130461890162813
FUBO,0.3333333333333333,4.871136762619971
FUL,0.1111111111111111,2.947378931017616
FULC,0.1111111111111111,6.9487237706120535
FULT,0.2777777777777778,2.7635595545293246
FUV,0.2777777777777778,7.620739370478069
FWRD,0.5,7.963736985554157
GABC,0.2222222222222222,7.061973830291095
GATX,0.16666666666666666,2.737348250690107
GBCI,0.4444444444444444,20.33615958186451
GBL,0.05555555555555555,3.16867044665525
GBOX,0.7222222222222222,-11.675353281185913
GBT,0.5555555555555556,-21.295156576661753
GBX,0.2222222222222222,4.093662964042354
GCI,0.2777777777777778,3.3786209929648883
GCMG,0.1111111111111111,4.263656865661576
GCO,0.16666666666666666,4.540267326022419
GCP,0.0,2.1316739349901295
GDEN,0.0,2.4445125708461886
GDOT,0.7222222222222222,-3.122483363174246
GDYN,0.0,3.6635716712145245
GEF,0.3333333333333333,5.113044667299481
GEO,0.3333333333333333,10.348206908613525
GERN,0.2222222222222222,6.426833140543497
GES,0.3888888888888889,10.64039531885422
GEVO,0.5,17.354377890476833
GFF,0.2777777777777778,3.984324979592267
GHC,0.2222222222222222,6.397108820477726
GHL,0.16666666666666666,4.9662580724022005
GIC,0.05555555555555555,2.9015205123694634
GIII,0.3888888888888889,11.045052660516994
GKOS,0.4444444444444444,13.145685404638398
GLDD,0.16666666666666666,2.5932187249891547
GLNG,0.2222222222222222,4.4508767326552885
GLRE,0.2777777777777778,5.914013068117712
GLT,0.5555555555555556,39.58429886015769
GMRE,0.0,2.1137506797883105
GMS,0.0,2.323719248391419
GNK,0.1111111111111111,4.11483562685324
GNL,0.8333333333333334,-1.958783758393391
GNLN,0.7777777777777778,135.54089661625895
GNOG,0.2777777777777778,4.901683866984009
GNTY,0.0,2.7420033248228077
GNUS,0.0,1.8113647169198126
GNW,0.3333333333333333,6.739984626353325
GOEV,0.05555555555555555,9.05071409711113
GOGO,0.0,1.8387880929855838
GOLF,0.05555555555555555,2.8744429369358975
GOOD,0.0,2.684658979101516
GOSS,0.3888888888888889,4.735057091304897
GPI,0.2222222222222222,3.11654632636834
GPMT,0.3333333333333333,9.13083725288378
GPRE,0.16666666666666666,5.089387821695369
GPRO,0.1111111111111111,2.9259086750897008
GRBK,0.2777777777777778,4.295128155062699
GRC,0.2222222222222222,3.0402272495704956
GRPN,0.5555555555555556,15.505499543161646
GRTS,0.2222222222222222,8.292041989782518
GRWG,0.7222222222222222,-14.392436328786633
GSAT,0.2222222222222222,2.9510256682333504
GSBC,0.2222222222222222,4.4994692687768065
GSHD,0.2222222222222222,2.7078246722748824
GSKY,0.05555555555555555,1.9723449014510441
GT,0.1111111111111111,2.7665920790327974
GTBP,0.6666666666666666,-423.1510175139105
GTHX,0.6111111111111112,-4.384267495873765
GTLS,0.4444444444444444,9.612556042869151
GTN,0.16666666666666666,2.140625269652852
GTS,0.3333333333333333,5.43647827782571
GTY,0.16666666666666666,3.092532865131377
GTYH,0.5,13.01610952681479
GVA,0.4444444444444444,6.686051689454819
GWB,0.05555555555555555,3.078690930964379
GWRS,0.2222222222222222,4.133387013677052
HA,0.3888888888888889,11.15746896953014
HAE,0.8333333333333334,-7.788763351399375
HAFC,0.0,2.406574709562444
HALO,0.3888888888888889,6.770438753401482
HARP,0.8333333333333334,-3.8874343648063654
HASI,0.2777777777777778,3.37490129912453
HAYN,0.05555555555555555,2.7696056805108933
HBB,0.2777777777777778,7.923324338493948
HBCP,0.0,3.085371784002799
HBIO,0.0,3.548813591668905
HBMD,0.3888888888888889,6.282561660772071
HBNC,0.3333333333333333,5.0213826192585875
HBT,0.16666666666666666,3.4484864882632547
HCAT,0.2222222222222222,3.863121508200494
HCC,0.5,10.059051621600457
HCCI,0.2222222222222222,6.062040720639868
HCI,0.0,1.7659705892918367
HCKT,0.05555555555555555,2.3087186535467357
HCSG,0.2222222222222222,4.615477492872749
HEAR,0.3888888888888889,3.9319959270011613
HEES,0.4444444444444444,9.60304478653071
HELE,0.4444444444444444,10.363350135969215
HFFG,0.1111111111111111,4.510398212959732
HFWA,0.3888888888888889,6.976787090206121
HGEN,0.5555555555555556,-3984.845144469885
HGV,0.2222222222222222,2.8260626940443756
HI,0.05555555555555555,2.181198202874217
HIBB,0.2222222222222222,5.437490253232223
HIFS,0.0,2.113112419267224
HL,0.5,11.966219802160916
HLI,0.0,3.0347576176520272
HLIO,0.05555555555555555,2.500639783665299
HLIT,0.05555555555555555,2.1149099616675517
HLNE,0.6111111111111112,28.01635749969092
HLX,0.7777777777777778,-5.1834049231136055
HMHC,0.0,2.456434311248705
HMN,0.6111111111111112,-50.21549626568467
HMST,0.05555555555555555,3.560033841163629
HMTV,0.3333333333333333,5.533827499343615
HNGR,0.4444444444444444,19.378814173684262
HNI,0.16666666666666666,3.8889781862016184
HOFT,0.6666666666666666,3475.808469784757
HOFV,0.05555555555555555,6.093432658078331
HOMB,0.2777777777777778,4.810815813735837
HONE,0.2222222222222222,7.479736162886178
HOOK,0.8888888888888888,-2.9479274799384636
HOPE,0.2222222222222222,4.374328535420203
HOV,0.0,1.952623590413387
HP,0.4444444444444444,7.1521213321844535
HPK,0.16666666666666666,4.791434235681429
HQI,0.05555555555555555,2.7157406337277052
HQY,0.6111111111111112,104.3887351035634
HR,0.16666666666666666,3.32613588825193
HRI,0.05555555555555555,2.9332297758517973
HRTG,0.3333333333333333,11.723290470227125
HRTX,0.3333333333333333,6.001902108868406
HSC,0.16666666666666666,3.813432878023952
HSII,0.05555555555555555,2.392218881799452
HSKA,0.1111111111111111,4.469403562124691
HSTM,0.16666666666666666,5.195878031433788
HT,0.5,13.012946383418024
HTBI,0.5555555555555556,11.254524286788115
HTBK,0.5,5.91249065503541
HTH,0.16666666666666666,3.318629907144567
HTLD,0.5555555555555556,436.71713112363227
HTLF,0.2777777777777778,4.9649248670205655
HUBG,0.16666666666666666,2.2785151657341274
HURN,0.4444444444444444,13.481658569201109
HVT,0.2222222222222222,4.836217857888396
HWC,0.4444444444444444,9.55121081759326
HWKN,0.2777777777777778,4.53333243667554
HY,0.6666666666666666,-29.42908796342654
HYRE,0.4444444444444444,8.537140456905481
HZO,0.2777777777777778,6.567935912851571
IBCP,0.2222222222222222,5.41240979193081
IBIO,0.5555555555555556,8.770439428399063
IBOC,0.5,82.27167299607855
IBP,0.2222222222222222,3.005401587899231
IBRX,0.6111111111111112,13.729914346615367
IBTX,0.5555555555555556,23.32762173536168
ICAD,0.5555555555555556,23.488233427912398
ICFI,0.05555555555555555,2.4229316993695647
ICHR,0.5555555555555556,10.49053425267592
ICPT,0.5,9.284631478873404
IDCC,0.2777777777777778,4.12797385702206
IDEX,0.7222222222222222,-32.41776579993807
IDT,0.0,2.703610543025641
IDYA,0.2222222222222222,3.876703380670228
IEA,0.5555555555555556,-8.094447458997891
IESC,0.16666666666666666,6.10234331490901
IGMS,0.8888888888888888,-0.7394086619441417
IGT,0.05555555555555555,2.887185958954593
IHC,0.0,1.6272719415589354
IHRT,0.0,1.5895905307465745
IIIN,0.05555555555555555,3.37788137119928
IIIV,0.8333333333333334,-1.557036088986968
IIPR,0.05555555555555555,2.3468984933495447
IIVI,0.6111111111111112,-22.506621352504123
ILPT,0.05555555555555555,2.0791474434401893
IMAX,0.3333333333333333,5.227993501542906
IMGN,0.4444444444444444,6.858770735123616
IMKTA,0.0,1.8940378597504257
IMUX,0.6111111111111112,21.22622848009388
IMVT,0.7777777777777778,-17.46305080628389
IMXI,0.05555555555555555,3.2159242523072993
INBK,0.0,2.8832496751626584
INDB,0.6111111111111112,11.83570077035803
INDT,0.0,3.053386799270594
INFI,0.6666666666666666,16.556878209721816
INFN,0.5,43.731159841462805
INFU,0.2222222222222222,5.736258199979705
INGN,0.7777777777777778,-7.46988148382965
INN,0.3333333333333333,8.10868090159544
INO,0.7222222222222222,-12.217340109533797
INS,0.1111111111111111,3.2123044174434185
INSG,0.8888888888888888,-1.363822894201623
INSM,0.6666666666666666,72.4453165633741
INSP,0.16666666666666666,3.0484076944517957
INSW,0.3888888888888889,11.679944741814284
INT,0.6666666666666666,-10.285789293118057
INVA,0.05555555555555555,1.9449326803529299
INVE,0.05555555555555555,3.887295035822081
IOSP,0.4444444444444444,12.249831801013181
IPAR,0.1111111111111111,3.65688049114392
IPI,0.05555555555555555,5.144283665878716
IRBT,0.3888888888888889,10.087648811797353
IRDM,0.2777777777777778,4.113866283101155
IRMD,0.0,2.148717452419358
IRT,0.0,2.409911525450815
IRTC,0.5,9.090994797440915
IRWD,0.3888888888888889,3.0201161955602984
ISBC,0.16666666666666666,2.710463294892207
ISEE,0.16666666666666666,3.161687347619481
ITCI,0.1111111111111111,2.437227986274028
ITGR,0.7222222222222222,-18.746837556197292
ITI,0.2777777777777778,4.941851593765516
ITIC,0.05555555555555555,2.9366746999845224
ITRI,0.7222222222222222,-1.0809712826896618
IVC,0.4444444444444444,10.440074248604228
IVR,0.2222222222222222,6.850619231790492
JACK,0.4444444444444444,74.50981183039629
JBSS,0.2777777777777778,5.501153915057069
JBT,0.6111111111111112,288.91470176678877
JELD,0.6111111111111112,-15.974834390459193
JJSF,0.1111111111111111,2.115331812307411
JNCE,0.3333333333333333,5.544509393606432
JOE,0.2777777777777778,5.298332516969974
JOUT,0.6666666666666666,-4.911876364600496
JRVR,0.7777777777777778,-10.926544840234943
JYNT,0.0,3.3074654985271996
KAI,0.3333333333333333,5.19490286456536
KALA,0.7222222222222222,-39.959821229146236
KALU,0.2777777777777778,9.96962411033988
KALV,0.4444444444444444,5.482597596985727
KAMN,0.5555555555555556,445.2920951862426
KAR,0.7222222222222222,-3.1846752495243567
KBAL,0.4444444444444444,7.407639463896449
KBH,0.3888888888888889,5.992442036463984
KBR,0.1111111111111111,2.569298028639556
KDMN,0.0,
KDNY,0.4444444444444444,5.440861794983104
KE,0.1111111111111111,4.53171493069291
KELYA,0.3333333333333333,5.837999984662164
KFRC,0.05555555555555555,3.365025045129851
KFY,0.1111111111111111,3.0211395930852505
KIDS,0.0,2.5310203031766902
KIRK,0.2222222222222222,2.6357933180707116
KLDO,0.5,13.074849518184143
KLIC,0.16666666666666666,6.463342709455075
KMPH,0.3333333333333333,4.100558470133291
KMT,0.7222222222222222,-7.338208661254343
KN,0.05555555555555555,3.250154611329336
KNSA,0.3333333333333333,15.491220692299866
KNSL,0.0,2.4952865888616564
KOD,0.5555555555555556,10.618321680128854
KODK,0.4444444444444444,7.109374848864759
KOP,0.4444444444444444,6.041169079360036
KOPN,0.2222222222222222,5.193386883854298
KOS,0.2222222222222222,5.508074836076886
KPTI,0.6666666666666666,-71.62014100529574
KRA,0.1111111111111111,3.4901396339434263
KREF,0.1111111111111111,3.8309999224922917
KRG,0.1111111111111111,3.600503509247313
KRNY,0.2777777777777778,4.365776105469257
KRO,0.2777777777777778,7.170004383355442
KRTX,0.2777777777777778,3.617253984295188
KRUS,0.0,2.334320437735462
KRYS,0.6111111111111112,17.719889388462473
KTB,0.4444444444444444,8.349741847591064
KTOS,0.6111111111111112,-16.00703307582932
KURA,0.8888888888888888,-0.5829982277279867
KVHI,0.4444444444444444,12.567506482460123
KW,0.0,3.022635124335348
KWR,0.3888888888888889,5.756659912247406
KZR,0.05555555555555555,5.997428953188246
LADR,0.2777777777777778,6.243895141422058
LANC,0.2222222222222222,4.576976499332442
LAND,0.1111111111111111,3.708844752040922
LASR,0.5555555555555556,5.6916799556577296
LAUR,0.6666666666666666,-169.9872450610702
LAWS,0.1111111111111111,2.3683287942150577
LAZY,0.2777777777777778,4.25252106371822
LBAI,0.16666666666666666,3.631247635937351
LBC,0.1111111111111111,3.3999866533470327
LBRT,0.5,13.971494029104898
LC,0.0,4.094059010595341
LCII,0.1111111111111111,2.3282388687365856
LCTX,0.3333333333333333,5.027837726838742
LCUT,0.2222222222222222,6.595149775125378
LE,0.3888888888888889,4.362222580981793
LEGH,0.0,3.5853096083757383
LEU,0.05555555555555555,5.533231245384107
LGIH,0.05555555555555555,2.222865380944091
LGND,0.2222222222222222,6.18928035820793
LHCG,0.3333333333333333,4.16132469615231
LILA,0.5,12.263775042547971
LILAK,0.7777777777777778,-19.167544729886753
LIND,0.6111111111111112,40.01096345371273
LIVN,0.3333333333333333,6.396997985600826
LKFN,0.16666666666666666,2.628380309315879
LL,0.8888888888888888,-2.1901703326661726
LLNW,0.2777777777777778,3.7857845270664763
LMAT,0.1111111111111111,1.8762725719643378
LMNR,0.2777777777777778,5.041532896684158
LNDC,0.3888888888888889,7.429663376117923
LNN,0.16666666666666666,5.026116051749657
LNTH,0.0,2.147686856054844
LOB,0.1111111111111111,5.328385085296155
LOCO,0.5555555555555556,192.48881612554786
LOTZ,0.05555555555555555,3.157776020548151
LOVE,0.1111111111111111,3.1410101626055784
LPG,0.2777777777777778,5.153292395485827
LPI,0.0,3.8959848395699965
LPRO,0.1111111111111111,5.750390758095499
LPSN,0.5,38.82406048238105
LQDT,0.0,3.6767262272699237
LRN,0.05555555555555555,2.578530214424496
LSCC,0.16666666666666666,4.502881568320448
LSEA,0.0,4.557559889755524
LTC,0.3888888888888889,8.607998291552926
LTHM,0.2222222222222222,4.971300864691873
LTRPA,0.7777777777777778,-15.100815387221536
LUNA,0.7777777777777778,-5.052918600775233
LVO,0.7222222222222222,-4.523105867731992
LXFR,0.16666666666666666,4.547406161853301
LXP,0.0,1.911080858125396
LXRX,0.2777777777777778,4.202277803518575
LZB,0.16666666666666666,3.3983834117758565
M,0.0,2.447586902347457
MAC,0.0,4.34451988806086
MANT,0.7222222222222222,-9.572333906890508
MARA,0.05555555555555555,3.883727054847671
MATW,0.3888888888888889,8.601690051421738
MATX,0.05555555555555555,2.2401614991876557
MAXR,0.5,12.653048966496783
MBI,0.0,3.7313889089022094
MBII,0.6111111111111112,12.490167581980618
MBIN,0.05555555555555555,3.6279101503711155
MBIO,0.8888888888888888,-1.2908518977584722
MBUU,0.6666666666666666,-16.164982336688883
MBWM,0.16666666666666666,3.2878412767438645
MC,0.2777777777777778,3.7583749685273644
MCB,0.0,2.0425305494622017
MCBC,0.3888888888888889,8.681254509498936
MCBS,0.0,2.4668066715684067
MCF,0.1111111111111111,14.725025525109935
MCFT,0.5,6.2307159981323395
MCRB,0.8333333333333334,-1.3628034754462293
MCRI,0.3333333333333333,5.529244681107355
MCS,0.05555555555555555,4.252767749207656
MD,0.1111111111111111,2.339240562418525
MDC,0.5555555555555556,10.696575043893613
MDGL,0.5555555555555556,-27.096132633979078
MDRX,0.05555555555555555,1.6030496581862765
MDVL,0.7222222222222222,-15.17555343241207
MDXG,0.7222222222222222,28.80016070802931
MEC,0.2777777777777778,6.329925676427716
MED,0.5555555555555556,13.581529986144654
MEDP,0.16666666666666666,2.5840634546402064
MEI,0.2777777777777778,3.628633438131019
MEIP,0.3888888888888889,4.708008575446739
MESA,0.7222222222222222,-1458.1560064564483
MFA,0.1111111111111111,3.551897410806449
MG,0.16666666666666666,4.152511975580544
MGEE,0.0,1.956788868381883
MGI,0.1111111111111111,4.031178996286224
MGLN,0.5555555555555556,-2.7231730727228753
MGNI,0.6111111111111112,58.67654976667592
MGNX,0.6111111111111112,-28.739118417162754
MGPI,0.0,1.8379136663498654
MGRC,0.5555555555555556,45.475058638297696
MGTA,0.5,-984.1213679505751
MGTX,0.05555555555555555,2.7989017551578335
MGY,0.2222222222222222,4.729465188321322
MHLD,0.0,2.2752144395251985
MHO,0.3888888888888889,7.438543076991954
MIME,0.0,1.7960109978786338
MIRM,0.5,8.998512069215806
MITK,0.16666666666666666,3.801842292185838
MLAB,0.16666666666666666,3.7752851921458324
MLI,0.05555555555555555,2.501114299605376
MLR,0.6111111111111112,78.7663785923846
MMAT,0.05555555555555555,4.659614590690211
MMI,0.05555555555555555,2.7435134604850946
MMS,0.16666666666666666,4.98195148611845
MMSI,0.2777777777777778,6.170832526542679
MNKD,0.1111111111111111,2.679123648424988
MNMD,1.0,0.15799411125548385
MNR,0.0,1.44784240843126
MNRL,0.05555555555555555,2.6464723631959775
MNRO,0.4444444444444444,21.43680368902969
MNTV,0.6666666666666666,-8.423338178665785
MOD,0.7222222222222222,-5.169726484188308
MODN,0.2222222222222222,7.298466411296285
MODV,0.05555555555555555,2.009524866248512
MOFG,0.2777777777777778,4.944435174097692
MORF,0.5555555555555556,9.054324314289394
MOV,0.0,2.2773277627632433
MPAA,0.4444444444444444,8.549416043867646
MPB,0.0,2.2367069727535225
MPX,0.2777777777777778,3.3589635985245967
MRC,0.6111111111111112,-15.706900663226387
MRLN,0.0,2.1035486487220854
MRNS,0.3888888888888889,4.7515644051046975
MRSN,0.9444444444444444,-0.07948960098598154
MRTN,0.6666666666666666,-12.3984333469471
MSBI,0.4444444444444444,5.084965619874681
MSEX,0.0,1.470008261957729
MSTR,0.2777777777777778,5.635254783737704
MTDR,0.0,2.5616558621408734
MTEM,0.7777777777777778,-0.38314039509406705
MTH,0.05555555555555555,2.053992893245153
MTOR,0.5555555555555556,31.374284423482198
MTRN,0.0,1.6500415253605063
MTRX,0.2777777777777778,7.510618737798891
MTSI,0.3888888888888889,5.378858295105218
MTW,0.3888888888888889,7.413742904126924
MTX,0.16666666666666666,3.714639736900752
MUR,0.1111111111111111,3.9399995205144087
MUSA,0.0,2.061406609902827
MVBF,0.1111111111111111,2.116196589782677
MVIS,0.3888888888888889,9.406877635632494
MWA,0.1111111111111111,3.0950997771842115
MXL,0.05555555555555555,3.0012022586942284
MYE,0.5,10.105192022718517
MYGN,0.2222222222222222,3.945192035959216
MYRG,0.05555555555555555,3.268182997656364
NAT,0.5555555555555556,12.896983520793723
NATH,0.05555555555555555,4.0347937265828335
NATR,0.05555555555555555,3.6494213190293174
NAVI,0.0,1.411359239884912
NBEV,0.7222222222222222,-4.765484484673866
NBHC,0.2222222222222222,2.81822091017241
NBR,0.3333333333333333,10.441105611198056
NBTB,0.2222222222222222,5.402056227844943
NCBS,0.3333333333333333,4.7980723345794605
NCMI,0.3333333333333333,7.159014725199671
NDLS,0.6666666666666666,-7.68857541262679
NEO,0.2222222222222222,2.847932663309717
NEOG,0.5,86.84021701703902
NESR,0.5555555555555556,12.820564049365476
NEX,0.5,16.253497031373456
NFBK,0.2777777777777778,4.080093698459589
NG,0.8333333333333334,-8.455516504038272
NGM,0.7777777777777778,-7.521580741111706
NGVC,0.1111111111111111,2.190276478612333
NGVT,0.4444444444444444,29.816589221927075
NH,0.7222222222222222,-374.8318605288699
NHC,0.16666666666666666,4.602479751904457
NHI,0.6111111111111112,-902.8681354725884
NJR,0.2222222222222222,4.2021295634810825
NKLA,0.2222222222222222,5.130229682285238
NL,0.05555555555555555,2.125789143716239
NLS,0.8333333333333334,-3.14261503000134
NLTX,0.7222222222222222,-4.023958698239155
NMIH,0.16666666666666666,2.735597797699012
NMRK,0.0,1.9151506795805524
NMTR,0.2222222222222222,4.405615134244528
NNBR,0.5555555555555556,15.27198901703758
NNI,0.0,1.9416258874603298
NODK,0.1111111111111111,4.422755428660799
NOG,0.05555555555555555,2.3769584647611737
NOTV,0.0,3.3886781062134075
NOVA,0.4444444444444444,7.661504962726936
NOVT,0.1111111111111111,2.884126447890188
NP,0.7777777777777778,-13.217740264281376
NPK,0.5,10.202054089974347
NPO,0.3333333333333333,5.5526705324149335
NPTN,0.2222222222222222,3.61675780673071
NR,0.2777777777777778,7.849936618006511
NRC,0.16666666666666666,2.6914687482072073
NRIM,0.2777777777777778,3.2109327400043406
NSA,0.0,1.381453423259521
NSIT,0.16666666666666666,4.133589630761343
NSP,0.0,2.549790610435078
NSSC,0.0,2.9449211495890446
NSTG,0.3888888888888889,8.989973579223202
NTB,0.3333333333333333,5.026817109820658
NTCT,0.5,82.0943848435284
NTGR,0.7777777777777778,-4.430491231288875
NTLA,0.2777777777777778,5.30439914840484
NTUS,0.2777777777777778,5.775203216242951
NUS,0.0,2.4076019295057343
NUVA,0.5,10.792964204760187
NVEC,0.1111111111111111,2.936649572058053
NVEE,0.0,1.3939033340973226
NVRO,0.8888888888888888,-1.0317146424593036
NVTA,0.6666666666666666,-14.294856140909662
NWBI,0.5,-99.187576259896
NWE,0.3888888888888889,4.651389814655758
NWLI,0.3888888888888889,8.949054927671446
NWN,0.4444444444444444,13.481570360027357
NWPX,0.5,24.946403174509577
NX,0.4444444444444444,6.418175926448962
NXGN,0.4444444444444444,21.523183911690168
NXRT,0.0,1.6789752232613318
NYMT,0.5555555555555556,-19.242849023967945
OAS,0.0,1.3794740016031013
OBNK,0.5555555555555556,34.91281803525962
OCFC,0.4444444444444444,13.55502659082183
OCGN,0.4444444444444444,9.417214091315573
OCN,0.05555555555555555,2.818121592842509
OCUL,0.7777777777777778,-7.0665059524905045
OCX,0.5,8.566794665066304
ODC,0.2777777777777778,3.9294000173494266
ODP,0.7777777777777778,-6.153843607778741
OEC,0.5,78.03082992109545
OFC,0.1111111111111111,3.5796705246519593
OFG,0.2777777777777778,3.975906767480695
OFIX,0.5,15.576127089579707
OFLX,0.2222222222222222,3.2670320885379907
OGS,0.4444444444444444,6.29697338982441
OI,0.3888888888888889,5.554423205075762
OII,0.5,7.603053414186941
OIS,0.5555555555555556,20.47104818776913
OLP,0.0,1.7642086422091259
OMCL,0.05555555555555555,1.9200429574124394
OMER,0.7222222222222222,-4.353475737415585
OMI,0.1111111111111111,2.7744011099995567
ONB,0.3888888888888889,4.982631858193585
ONCT,0.7222222222222222,-58.49913586283116
ONTO,0.05555555555555555,2.5640607521665486
OOMA,0.0,2.9952890156405263
OPCH,0.05555555555555555,2.726316072108677
OPI,0.16666666666666666,6.539507702648313
OPK,0.0,3.5168805166966584
OPRT,0.5,10.572293029160603
OPRX,0.0,2.290974215413447
OPY,0.16666666666666666,3.686775813852414
ORA,0.16666666666666666,3.646917169756234
ORC,0.5,25.643186554298097
ORGO,0.3333333333333333,10.162798830871512
ORMP,0.05555555555555555,8.679713322967539
ORRF,0.1111111111111111,2.9859803872332376
OSBC,0.2222222222222222,6.074714094102642
OSIS,0.6111111111111112,-13.92121716792071
OSPN,0.8333333333333334,-1.2925583923782604
OSTK,0.16666666666666666,3.5770202359809207
OSUR,0.3888888888888889,7.249079359013222
OSW,0.2777777777777778,7.203787046989493
OTLK,0.5555555555555556,27.22557778566764
OTRK,0.5,9.447430015347761
OTTR,0.0,2.1186632070517866
OUT,0.2777777777777778,5.4606051332425585
OVV,0.1111111111111111,5.754299131402503
OXM,0.05555555555555555,3.3041990914881714
OYST,0.3333333333333333,4.346998650734852
PACB,0.4444444444444444,10.100599069172342
PACK,0.05555555555555555,5.023528787185247
PAE,0.1111111111111111,2.263908126650635
PAHC,0.16666666666666666,4.298539595205824
PAR,0.3888888888888889,10.515180360572064
PARR,0.16666666666666666,3.210250069705145
PATK,0.2222222222222222,3.129566791155713
PAVM,0.05555555555555555,5.275102705357485
PAYA,0.2222222222222222,4.851349945480458
PBF,0.16666666666666666,7.154840654380494
PBFS,0.4444444444444444,5.925216804685952
PBH,0.0,1.5423022642131377
PBI,0.05555555555555555,2.8705184534749244
PBYI,0.7777777777777778,-36.990240417710716
PCH,0.2222222222222222,2.55959702769244
PCRX,0.6111111111111112,-5.843212678629468
PCSB,0.1111111111111111,5.072439846242073
PCYO,0.1111111111111111,3.113059974968764
PD,0.4444444444444444,11.58072655719394
PDCE,0.05555555555555555,2.368822095827008
PDCO,0.2222222222222222,2.727986326542203
PDFS,0.1111111111111111,2.5214835364189674
PDM,0.2777777777777778,4.444969864535067
PEB,0.5555555555555556,9.710182267392488
PEBO,0.3888888888888889,5.957282410240486
PETQ,0.5,52.760189691190995
PETS,0.1111111111111111,5.733213064171059
PFBC,0.1111111111111111,3.4337358693615627
PFC,0.3333333333333333,3.5924978937685914
PFGC,0.7222222222222222,-30.701010523627932
PFIS,0.05555555555555555,3.098429982403068
PFS,0.05555555555555555,2.8402769160055876
PFSI,0.2777777777777778,4.3609002305397615
PGC,0.2222222222222222,4.934906603464387
PGEN,0.6666666666666666,-35.05913727297917
PGNY,0.2777777777777778,3.3586843362162075
PGRE,0.16666666666666666,6.688286454046058
PGTI,0.5,111.20536541929981
PHAT,0.9444444444444444,-0.03545738348453183
PHR,0.2222222222222222,5.784462314399756
PI,0.05555555555555555,3.2231284512591505
PING,0.2777777777777778,5.673089379942994
PIPR,0.05555555555555555,2.823395142352373
PJT,0.4444444444444444,5.449252267272747
PKE,0.16666666666666666,3.513356045493599
PKOH,0.5555555555555556,11.137106581828787
PLAB,0.2777777777777778,6.639180690952359
PLAY,0.2777777777777778,4.203414575634345
PLCE,0.2777777777777778,5.55135104928882
PLM,0.3333333333333333,4.350164171597156
PLMR,0.3333333333333333,4.926828730945337
PLOW,0.4444444444444444,10.672016529858352
PLPC,0.4444444444444444,9.321246372492753
PLSE,0.2777777777777778,6.811832310189636
PLUS,0.2777777777777778,5.1048132984542205
PLXS,0.6111111111111112,7.488365365222637
PLYM,0.0,1.413159954332696
PMT,0.3888888888888889,29.876051206769812
PNM,0.9444444444444444,-0.979692080685988
PNTG,0.8888888888888888,-6.252912910705691
POLY,0.6666666666666666,-23.184599442588965
POR,0.0,1.4273706191524769
POWI,0.5,7.708748507091332
POWL,0.3888888888888889,7.078917374349123
POWW,0.3333333333333333,9.457500350316193
PPBI,0.3888888888888889,5.291402683898605
PRA,0.2777777777777778,3.193503482789191
PRAA,0.0,1.7997118219163701
PRDO,0.6666666666666666,5844.934206358123
PRFT,0.0,2.3532677905409325
PRG,0.6666666666666666,27.410905607253397
PRGS,0.3333333333333333,5.223653458605583
PRIM,0.4444444444444444,11.96947512727936
PRK,0.05555555555555555,3.8268578312548267
PRLB,0.3333333333333333,8.978119511481806
PRMW,0.5555555555555556,8.015817603751673
PRO,0.8333333333333334,-4.045940316573072
PRPL,0.8888888888888888,-0.9984467605251837
PRTA,0.1111111111111111,9.728771716325591
PRTG,0.8888888888888888,-1.2722976840856741
PRTH,0.2222222222222222,8.41654378103233
PRTK,0.16666666666666666,4.191048112380214
PRTS,0.2777777777777778,3.8771457145107693
PRTY,0.3888888888888889,7.010197407578932
PRVB,0.7222222222222222,-1.2790522889413052
PSB,0.0,2.9319016272612246
PSMT,0.6111111111111112,-12.35765177075033
PSN,0.6666666666666666,-9.661903642016293
PSNL,0.7777777777777778,-7.998402813986986
PSTL,0.0,1.874892558483305
PTCT,0.9444444444444444,-0.6785998026144163
PTEN,0.2222222222222222,5.142012341853924
PTGX,0.1111111111111111,5.191183568174545
PTSI,0.05555555555555555,3.8850491577951343
PUMP,0.5555555555555556,12.080328279012777
PVBC,0.05555555555555555,3.8572583004740952
PZN,0.0,1.900030519266759
PZZA,0.0,1.5963845226464772
QCRH,0.05555555555555555,2.5961660283948653
QLYS,0.0,3.3262175612346034
QMCO,0.5,20.04718063233737
QNST,0.6111111111111112,24.09447714042301
QTNT,0.7222222222222222,-799.8551617198825
QTRX,0.2777777777777778,12.553919320685537
QTWO,0.7222222222222222,-10.725590698010484
QUOT,0.7222222222222222,-5.056270262636683
RAD,0.3333333333333333,4.58488441670877
RAMP,0.2777777777777778,6.22025635729021
RAPT,0.0,2.060390137889413
RAVN,0.0,
RBB,0.2222222222222222,3.8234869100000957
RBBN,0.5555555555555556,15.207965607368287
RBCAA,0.05555555555555555,2.233698188795806
RBNC,0.1111111111111111,3.5332155075516956
RC,0.05555555555555555,2.5811719168706
RCEL,0.8888888888888888,-0.6361272453925068
RCII,0.3888888888888889,6.349151759156047
RCKT,0.5555555555555556,25.981331548225313
RCKY,0.0,2.722394036018558
RCM,0.5,12.653159973651722
RCUS,0.05555555555555555,1.9581150578928146
RDFN,0.6111111111111112,-10.377033458625366
RDN,0.5,10.385910611691452
RDNT,0.0,2.8529047187967773
RDUS,0.8333333333333334,-6.451700360578056
REAL,0.3333333333333333,5.531577550384822
REGI,0.6666666666666666,105.8307179266482
REKR,0.2222222222222222,7.753561214453463
REPL,0.8888888888888888,-2.0784095016971995
REPX,0.05555555555555555,5.241226302282031
RES,0.16666666666666666,4.474829107685099
RETA,0.7222222222222222,-1.479624062145419
REV,0.16666666666666666,2.5302829461673126
REVG,0.16666666666666666,3.9822980653733575
REX,0.1111111111111111,2.485846743636625
REZI,0.4444444444444444,15.800437809340687
RFL,0.6666666666666666,-149.8078493545363
RGNX,0.5,6.561449193417961
RGP,0.05555555555555555,3.1658589712549876
RGR,0.16666666666666666,3.419442538559652
RGS,0.5555555555555556,12.239483887693263
RHP,0.2222222222222222,3.940829640002987
RICK,0.2222222222222222,2.911619679005419
RIDE,0.16666666666666666,5.02243967341165
RIGL,0.4444444444444444,-20.383875718638503
RILY,0.1111111111111111,5.161804905981164
RIOT,0.16666666666666666,3.244056978191668
RLGT,0.1111111111111111,6.4414514249799
RLGY,0.2777777777777778,3.895244678850155
RLI,0.2777777777777778,4.569382300737837
RLJ,0.3333333333333333,7.717679151453842
RLMD,0.5,-11.711108691504975
RM,0.05555555555555555,2.5441054863608814
RMAX,0.7222222222222222,-6.311859507198465
RMBS,0.16666666666666666,2.883796876909298
RMNI,0.05555555555555555,4.0287908617404575
RMO,0.2222222222222222,6.812361973766564
RMR,0.16666666666666666,2.9369622093850514
RNST,0.3333333333333333,6.362033792199747
ROAD,0.16666666666666666,2.7313236179120346
ROCK,0.6666666666666666,-11.255285754479367
ROG,0.2222222222222222,2.1569401399637687
ROIC,0.05555555555555555,2.042259651046716
ROLL,0.3888888888888889,7.2655764105826055
RPAY,0.6666666666666666,-165.4451720520458
RPD,0.05555555555555555,3.8551124485620756
RPT,0.05555555555555555,2.9847090896655035
RRBI,0.2777777777777778,6.0872038739895995
RRC,0.0,3.353194723814463
RRD,0.0,2.182527086937032
RRGB,0.7222222222222222,-16.836720699807824
RRR,0.0,2.6666895858050785
RUBY,0.4444444444444444,5.469508569257634
RUSHA,0.2777777777777778,3.178615670738208
RUSHB,0.2777777777777778,4.141018299338642
RUTH,0.3888888888888889,6.4936320821904125
RVI,0.0,1.5509634330256943
RVLV,0.16666666666666666,3.332981538161621
RVNC,0.6666666666666666,17.034640671655932
RVP,0.6666666666666666,28.876664963357047
RWT,0.0,2.0561742261265676
RYAM,0.7222222222222222,-3.654559682764545
RYI,0.1111111111111111,3.5918247284397955
RYTM,0.5,13.440732037295108
SAFE,0.1111111111111111,4.258981291573808
SAFM,0.0,2.282574879953514
SAFT,0.3333333333333333,8.156114697055429
SAH,0.3888888888888889,6.099210166406387
SAIA,0.2222222222222222,3.4242774473841338
SAIL,0.2777777777777778,3.8459333294296547
SANM,0.5,91.00776258376848
SASR,0.16666666666666666,3.251322290281014
SATS,0.2777777777777778,6.188456446317307
SAVA,0.0,8.013798431556266
SAVE,0.8888888888888888,-3.3579014633509585
SB,0.0,4.091954965592515
SBCF,0.6666666666666666,222.72394624010087
SBGI,0.0,3.0976621676502023
SBH,0.1111111111111111,3.9151520681821212
SBRA,0.7777777777777778,-7.21288751469622
SBSI,0.16666666666666666,3.3203869883374875
SCHL,0.0,2.1732802520155183
SCHN,0.1111111111111111,3.957852970163828
SCL,0.5,5.760120352434386
SCOR,0.2222222222222222,4.692042698769083
SCS,0.7777777777777778,-9.063416736550987
SCSC,0.4444444444444444,5.1691473931791005
SCU,0.2222222222222222,5.988627122028193
SCVL,0.1111111111111111,2.6682953493380923
SCWX,0.3333333333333333,7.4401136048938925
SEAS,0.0,3.746248807370511
SEEL,0.6111111111111112,14.270415260068981
SELB,0.3333333333333333,4.727923863387505
SEM,0.16666666666666666,3.1180204341801523
SENEA,0.16666666666666666,8.192928606464271
SENS,0.1111111111111111,3.130832101278523
SESN,0.1111111111111111,2.61576536304969
SFBS,0.0,1.5713321784029193
SFIX,0.7777777777777778,-9.77072784630937
SFL,0.1111111111111111,4.185420901477684
SFM,0.05555555555555555,3.0187668186736936
SFNC,0.2777777777777778,7.855680840444963
SFST,0.05555555555555555,2.854136943283119
SFT,0.2222222222222222,6.307637022703756
SGC,0.5555555555555556,12.284947635608782
SGH,0.1111111111111111,4.169036774718778
SGMO,0.6666666666666666,-7.305688654995969
SGMS,0.2777777777777778,2.5254799929772336
SGRY,0.16666666666666666,3.910004647306374
SHAK,0.5,11.177254356215148
SHEN,0.4444444444444444,-36.03763700077887
SHO,0.16666666666666666,3.3685927346772586
SHOO,0.3333333333333333,7.568217541423759
SHYF,0.5,10.672208371573415
SI,0.2222222222222222,8.578648524274572
SIBN,0.5,33.613369695001644
SIEN,0.6111111111111112,7.5128300672390145
SIG,0.0,2.410092211514874
SIGA,0.1111111111111111,3.109828752004164
SIGI,0.1111111111111111,2.3222228382010144
SILK,0.3888888888888889,15.46552044416562
SITC,0.0,2.8646299155634876
SITM,0.0,2.553770819951017
SJI,0.05555555555555555,3.431057555728041
SJW,0.0,2.725525278207988
SKT,0.05555555555555555,3.5475191028393627
SKY,0.05555555555555555,2.6687033474919137
SKYW,0.8888888888888888,-5.185855222455172
SLAB,0.1111111111111111,3.2084659456603615
SLCA,0.4444444444444444,5.966110808651076
SLDB,0.7222222222222222,-4.445717706143327
SLP,0.5555555555555556,44.519734737988706
SM,0.0,2.750813705684852
SMBC,0.2777777777777778,3.49126038989209
SMBK,0.0,2.3750392641751086
SMCI,0.2222222222222222,3.2598845686693227
SMED,0.4444444444444444,9.945120912374028
SMMF,0.2222222222222222,2.1908586306187794
SMMT,0.5,14.321658162864672
SMP,0.0,1.9821028085189967
SMPL,0.05555555555555555,2.538405845997425
SMSI,0.2222222222222222,4.865119422995214
SMTC,0.16666666666666666,4.055888999056117
SNBR,0.6111111111111112,133.3663890366918
SNDX,0.5,11.505273439255928
SNEX,0.2222222222222222,4.203990426435199
SOI,0.7222222222222222,53.10329281194034
SOLY,0.0,2.1126707717079287
SONO,0.4444444444444444,8.956072838169762
SP,0.5555555555555556,10.876039843381305
SPFI,0.05555555555555555,5.204282409569742
SPNE,0.5,36.569837070819545
SPNS,0.1111111111111111,2.303633050903438
SPNT,0.3888888888888889,3.179804711105944
SPPI,0.8333333333333334,-2.6838012411941836
SPRO,0.7777777777777778,-11.413996334719267
SPSC,0.16666666666666666,3.460586208948241
SPT,0.16666666666666666,3.999771246062976
SPTN,0.0,1.3766412332437772
SPWH,0.9444444444444444,-0.1902725958420019
SPWR,0.2222222222222222,4.296143722791807
SPXC,0.3333333333333333,4.741365585632495
SR,0.2777777777777778,4.423880730709429
SRCE,0.16666666666666666,2.6831428677716227
SRDX,0.05555555555555555,3.603790870486343
SRG,0.5,32.48002067803586
SRI,0.6111111111111112,-4.128517553279323
SRNE,0.3888888888888889,8.563319680980857
SRRK,0.3888888888888889,6.811294865958651
SRT,0.16666666666666666,4.42052386489898
SSB,0.4444444444444444,13.311575114038193
SSD,0.05555555555555555,2.6335632525422574
SSP,0.5,12.549807577082824
SSTI,0.7777777777777778,110.51519388880548
SSTK,0.1111111111111111,4.901321606639676
STAA,0.1111111111111111,5.01443091292551
STAG,0.0,1.6986523483685152
STAR,0.05555555555555555,2.74311577231306
STBA,0.3333333333333333,6.617383170107345
STC,0.1111111111111111,2.630401256354708
STFC,0.5,16.59311606480872
STGW,0.0,2.2114919347859576
STIM,0.8888888888888888,-8.253776596754332
STKS,0.16666666666666666,3.721688188088527
STNG,0.3888888888888889,4.7848821220580176
STOK,0.8888888888888888,-6.171866515246532
STON,0.1111111111111111,3.4034823690714973
STRA,0.7777777777777778,-20.83418229188828
STRL,0.05555555555555555,2.4713465846721103
STRO,0.5555555555555556,20.87500589869244
STXB,0.0,3.75787873322376
STXS,0.2222222222222222,5.420133520228808
SUM,0.16666666666666666,3.1302596375318665
SUPN,0.0,2.3167231192974738
SURF,0.8888888888888888,-0.048029642758657974
SVC,0.3888888888888889,10.052109933349154
SWAV,0.05555555555555555,3.570920262461198
SWBI,0.3333333333333333,7.082356603834204
SWM,0.8333333333333334,-4.8762594170592495
SWN,0.2777777777777778,4.526734822718734
SWTX,0.8333333333333334,-4.905390517336155
SWX,0.05555555555555555,4.282142965660762
SXC,0.2777777777777778,4.243601728884487
SXI,0.0,3.0283412122329185
SXT,0.05555555555555555,3.324366355005475
SYBT,0.05555555555555555,2.608998075199204
SYNA,0.05555555555555555,2.294600913000924
SYRS,0.8888888888888888,-2.491560631341808
TA,0.16666666666666666,2.947231276184209
TACO,0.1111111111111111,2.260643911679634
TALO,0.5555555555555556,9.387461492909953
TAST,0.5555555555555556,8.34349443936516
TBBK,0.1111111111111111,3.3827385457126073
TBI,0.0,2.4913266105388483
TBK,0.0,3.2742428122455354
TBPH,0.2777777777777778,4.134018714134804
TCBI,0.5555555555555556,23.9816248097834
TCBK,0.3888888888888889,10.043972198280137
TCMD,0.3888888888888889,12.850558651373126
TCRR,1.0,0.036731485055395495
TCS,0.6666666666666666,26.98402861163786
TCX,0.1111111111111111,3.3468822953587067
TDS,0.6666666666666666,-80.42861424373734
TDW,0.4444444444444444,5.32712082814766
TELL,0.05555555555555555,3.4125260389951926
TEN,0.4444444444444444,4.919320627383733
TENB,0.16666666666666666,3.2872203912713593
TEX,0.4444444444444444,9.042496923401405
TG,0.6666666666666666,-4.681981188903349
TGH,0.16666666666666666,4.978279506201229
TGI,0.6111111111111112,7.461855878281035
TGNA,0.3333333333333333,7.104195985372835
TGTX,0.7222222222222222,-1.8666624468833724
TH,0.05555555555555555,4.280345075366236
THC,0.0,1.9774539062685625
THFF,0.1111111111111111,3.719244446301192
THR,0.3333333333333333,9.292002182393563
THRM,0.3333333333333333,6.735348055592092
THRY,0.0,5.3334991493907635
THS,0.4444444444444444,21.037492525476257
TILE,0.0,2.9396864074797087
TIPT,0.0,5.842868976984492
TISI,0.5555555555555556,17.192551565916364
TITN,0.0,2.3838819955461843
TK,0.4444444444444444,7.508691743950033
TLYS,0.05555555555555555,2.532063431494214
TMDX,0.2222222222222222,5.861205148602849
TMHC,0.2222222222222222,2.606647822277114
TMP,0.1111111111111111,3.308140811046218
TMST,0.05555555555555555,4.908713690789786
TNC,0.4444444444444444,23.690814165042546
TNET,0.1111111111111111,2.994300807290713
TNK,0.2777777777777778,5.909721128011584
TNXP,0.6666666666666666,-7.261998682758423
TOWN,0.3888888888888889,6.839602734620449
TPB,0.3888888888888889,7.406830074669155
TPC,0.6111111111111112,-5.36127019446191
TPH,0.1111111111111111,2.7795391232611384
TPIC,0.6666666666666666,-117.9275020944882
TPTX,0.8888888888888888,-4.064533004117608
TR,0.0,4.420842716767167
TRC,0.1111111111111111,2.6523115784052873
TREE,0.5,16.490652377279844
TRHC,0.1111111111111111,9.716992874004795
TRMK,0.3333333333333333,5.975466179744178
TRN,0.16666666666666666,4.171534439910874
TRNO,0.0,2.010564383906118
TRNS,0.05555555555555555,3.2378077396068985
TROX,0.05555555555555555,3.1806503028346818
TRS,0.3888888888888889,5.88618001528219
TRST,0.2777777777777778,3.629459709969461
TRTN,0.3333333333333333,6.935191395001647
TRTX,0.2222222222222222,4.197062297878024
TRUE,0.4444444444444444,12.272848368365706
TRUP,0.16666666666666666,2.9123076763747444
TRVN,0.7777777777777778,-9.266328800152362
TSC,0.1111111111111111,4.98831132180285
TSE,0.5,16.041238219421754
TTCF,0.16666666666666666,3.532305236843567
TTEC,0.1111111111111111,3.5034323011264084
TTEK,0.0,1.8089468644641356
TTGT,0.05555555555555555,3.159184000543747
TTI,0.1111111111111111,2.621328548623313
TTMI,0.2777777777777778,9.609740919419941
TUP,0.8333333333333334,-1.242282458938891
TVTX,0.3333333333333333,5.771474468662553
TVTY,0.0,2.4538592625905955
TWI,0.2777777777777778,6.847594260347036
TWNK,0.0,3.090167483324254
TWO,0.2777777777777778,3.04390760997597
TWOU,0.6111111111111112,-21.597735065001608
TWST,0.5555555555555556,-34.81253864259259
TXMD,0.4444444444444444,13.63961019586928
TXRH,0.3333333333333333,6.4370004319276735
UAVS,0.8333333333333334,-5.620325512895256
UBA,0.0,1.507583474745084
UBSI,0.5,85.61397749003318
UCBI,0.5555555555555556,84.08633533922003
UCTT,0.4444444444444444,6.547434128933699
UE,0.4444444444444444,6.0497277162137175
UEC,0.1111111111111111,6.785683579409306
UEIC,0.4444444444444444,15.231788874554061
UFCS,0.3888888888888889,10.280719007987166
UFI,0.2777777777777778,4.82590175942274
UFPI,0.16666666666666666,2.8070178056649158
UFPT,0.05555555555555555,2.927508333147707
UFS,0.0,
UHT,0.3888888888888889,15.673942373637894
UIHC,0.5555555555555556,8.578006793328846
UIS,0.4444444444444444,31.67719969011559
ULH,0.4444444444444444,10.92424478509046
UMBF,0.5,26.09618834318711
UMH,0.05555555555555555,1.7648759316009335
UNF,0.2222222222222222,3.3132285268903905
UNFI,0.0,1.582913880448599
UNIT,0.16666666666666666,4.580068630929624
UPLD,0.9444444444444444,-1.6394437155037738
UPWK,0.3333333333333333,6.045461650422206
URBN,0.3333333333333333,5.730487172801909
URG,0.1111111111111111,4.090309097585275
URGN,0.3333333333333333,9.047945713388494
USD,0.2777777777777778,5.9887785861654725
USLM,0.16666666666666666,3.845100139856803
USM,0.5,9.588236837853744
USNA,0.16666666666666666,3.6937365653178156
USPH,0.3888888888888889,8.152069989063536
USX,0.5,7.150354868404216
UTL,0.16666666666666666,2.8953758862308185
UTMD,0.05555555555555555,3.053913200762844
UTZ,0.2222222222222222,6.4432146669168
UUUU,0.3333333333333333,9.658994578247716
UVE,0.0,3.565403538730453
UVSP,0.2222222222222222,4.344911158061106
UVV,0.4444444444444444,8.673260017364568
VALU,0.0,2.5286874041761958
VAPO,0.05555555555555555,2.635760594895852
VATE,0.1111111111111111,3.047109557617508
VBIV,0.2777777777777778,4.042313183496885
VBTX,0.1111111111111111,2.7977127069853562
VC,0.7777777777777778,-7.548549252584108
VCEL,0.16666666666666666,4.422114955048348
VCRA,0.0,2.3242789907927204
VCYT,0.16666666666666666,5.435190066896763
VEC,0.2777777777777778,3.867713615858989
VECO,0.1111111111111111,3.879942270236934
VERI,0.1111111111111111,4.692479368465525
VERU,0.0,5.93787001994022
VG,0.0,2.90996748234525
VGR,0.2222222222222222,4.5274127711486
VHC,0.7222222222222222,-5.475947829730611
VHI,0.0,2.2993000422366547
VIA,0.1111111111111111,2.599125237965842
VIAV,0.2222222222222222,4.660091518416882
VICR,0.1111111111111111,2.73575493611003
VIR,0.0,2.576594572323592
VIRX,0.7777777777777778,35.08217044965145
VIVO,0.1111111111111111,2.465059286221091
VKTX,0.6111111111111112,-13.695121109352703
VLDR,0.2222222222222222,9.71571894878074
VLGEA,0.3333333333333333,4.502457696725266
VLY,0.5555555555555556,-102.09964804597328
VMD,0.6666666666666666,-7.480435910395745
VNDA,0.1111111111111111,2.9154981524999184
VOXX,0.3888888888888889,6.816481689983092
VPG,0.16666666666666666,3.318357859715687
VRA,0.5,12.315638627727331
VRAY,0.16666666666666666,3.0466876650917865
VRCA,0.4444444444444444,10.894703683227034
VREX,0.0,2.430081208454107
VRNS,0.4444444444444444,9.582521562943855
VRNT,0.1111111111111111,2.3539521267015093
VRRM,0.16666666666666666,5.640167896604221
VRS,0.0,2.0000752281998877
VRTS,0.2777777777777778,7.669064095187735
VRTV,0.0,3.167238470895831
VSEC,0.1111111111111111,3.877375970897655
VSH,0.6666666666666666,-2.5267862853934893
VSTM,0.2777777777777778,3.189190537303848
VSTO,0.1111111111111111,2.4415496177118206
VTGN,0.2777777777777778,3.724517763387666
VTOL,0.3333333333333333,4.424602346738925
VUZI,0.3333333333333333,4.8836693283576595
VVI,0.2222222222222222,4.028672214530413
VVNT,0.3333333333333333,7.218815169425558
VXRT,0.05555555555555555,4.7430794845773905
WABC,0.4444444444444444,18.848280205372966
WAFD,0.2777777777777778,5.1271955694226135
WASH,0.3333333333333333,4.690479276442488
WBT,0.0,1.605529289133143
WCC,0.1111111111111111,2.604257646650821
WD,0.1111111111111111,2.3734678997661023
WDFC,0.2222222222222222,4.284655092781386
WERN,0.2777777777777778,4.307516150502672
WETF,0.3888888888888889,6.635540261892983
WGO,0.4444444444444444,27.544446522768492
WHD,0.3333333333333333,5.677853926890507
WINA,0.1111111111111111,4.847703997934284
WING,0.16666666666666666,2.141918082514456
WIRE,0.0,1.8379530375024171
WK,0.0,2.0997019689806096
WKHS,0.8888888888888888,-6.4835072604438935
WLDN,0.2777777777777778,6.986116967328964
WLFC,0.1111111111111111,4.328164459672276
WLL,0.0,1.913553407722951
WMK,0.0,2.190105874279978
WNC,0.2222222222222222,4.027646266092713
WOR,0.2222222222222222,3.4152285482743547
WOW,0.0,1.9841067940465391
WRE,0.0,2.180435952776529
WRLD,0.05555555555555555,4.032180199474446
WSBC,0.5,10.238491382512853
WSBF,0.2222222222222222,5.806939643789712
WSC,0.1111111111111111,2.534942586598061
WSFS,0.6111111111111112,-216.70228485242848
WSR,0.2777777777777778,6.073448359957999
WTBA,0.0,1.9773797034802334
WTI,0.2222222222222222,3.923116814620956
WTS,0.1111111111111111,2.7868299779392194
WTTR,0.2222222222222222,6.547157897571787
WVE,0.5,8.700740439001319
WW,0.6111111111111112,-5.056299244967836
WWW,0.5,21.269478711817666
XBIT,0.7777777777777778,-4.0087073237325415
XENT,0.4444444444444444,5.078817280748487
XGN,0.0,3.6469118691098488
XHR,0.2777777777777778,7.29347568265814
XL,0.16666666666666666,6.994867161621284
XNCR,0.6111111111111112,-25.589594337305318
XOMA,0.3888888888888889,7.985153426794169
XPEL,0.4444444444444444,8.223343014878317
XPER,0.7777777777777778,-5.685681707163231
XPRO,0.2222222222222222,6.545235523948172
XXII,0.1111111111111111,6.021980947705308
YELL,0.1111111111111111,3.453744527528495
YELP,0.16666666666666666,2.851378727115373
YEXT,0.8333333333333334,-2.04732536787221
YMAB,0.6666666666666666,-65.04187237034814
YORW,0.0,2.5478110730160437
ZD,0.0,2.925027603314994
ZEUS,0.1111111111111111,5.252264390318001
ZGNX,0.3888888888888889,15.914030014253406
ZIOP,0.5555555555555556,9.191606912919873
ZIXI,0.16666666666666666,4.055907972980534
ZUMZ,0.5,11.921863218486699
ZUO,0.16666666666666666,3.1939761365592494
ZWS,0.6666666666666666,-11.530195989180713
ZYXI,0.5,8.755345716439942
