Date,Open,High,Low,Close,Adj Close,Volume
2018-10-04,10.0,11.1,9.72,10.16,10.16,2409300
2018-10-05,10.35,10.79,10.1,10.43,10.43,192300
2018-10-08,10.5,10.5,9.25,10.02,10.02,117900
2018-10-09,9.9,9.99,9.61,9.9,9.9,44300
2018-10-10,9.96,10.0,9.65,9.7,9.7,80000
2018-10-11,9.95,9.99,9.66,9.9,9.9,30700
2018-10-12,10.1,10.1,9.9,10.05,10.05,51700
2018-10-15,10.05,10.05,9.9,9.98,9.98,28200
2018-10-16,10.2,10.2,9.9,9.97,9.97,34400
2018-10-17,9.85,9.95,9.81,9.89,9.89,22300
2018-10-18,9.84,9.93,9.5,9.74,9.74,118900
2018-10-19,9.85,9.94,9.28,9.7,9.7,50500
2018-10-22,9.76,10.13,9.6,9.88,9.88,75500
2018-10-23,9.75,9.99,9.5,9.61,9.61,42600
2018-10-24,9.64,9.95,9.25,9.27,9.27,134400
2018-10-25,9.25,9.94,9.25,9.56,9.56,42900
2018-10-26,9.59,10.13,9.46,9.98,9.98,37500
2018-10-29,9.99,10.2,9.33,9.75,9.75,93900
2018-10-30,9.73,9.99,9.32,9.88,9.88,146800
2018-10-31,9.94,9.99,9.75,9.91,9.91,152700
2018-11-01,9.9,10.13,9.71,9.99,9.99,172200
2018-11-02,10.0,10.07,9.56,9.79,9.79,45100
2018-11-05,9.82,10.03,9.39,9.39,9.39,60000
2018-11-06,9.3,9.86,8.98,9.13,9.13,54300
2018-11-07,8.96,9.11,8.14,8.82,8.82,88700
2018-11-08,8.71,8.99,8.7,8.85,8.85,33000
2018-11-09,8.36,9.0,8.36,8.64,8.64,68100
2018-11-12,8.64,8.64,7.82,8.0,8.0,53400
2018-11-13,8.0,8.27,8.0,8.15,8.15,51000
2018-11-14,8.17,9.4,8.17,8.64,8.64,90700
2018-11-15,8.59,9.28,8.59,8.7,8.7,37900
2018-11-16,8.54,9.69,8.26,9.56,9.56,75000
2018-11-19,9.6,9.6,8.72,8.79,8.79,57300
2018-11-20,8.04,8.94,7.76,7.77,7.77,113200
2018-11-21,7.8,9.77,7.8,9.77,9.77,39200
2018-11-23,9.7,9.7,9.05,9.5,9.5,8000
2018-11-26,9.12,9.4,9.0,9.28,9.28,90800
2018-11-27,9.32,9.56,9.04,9.38,9.38,27500
2018-11-28,9.35,9.4,8.74,9.22,9.22,32400
2018-11-29,9.23,9.23,8.89,9.01,9.01,45500
2018-11-30,9.07,9.45,8.65,9.25,9.25,37200
2018-12-03,9.37,9.68,7.95,7.95,7.95,106500
2018-12-04,7.93,8.28,7.38,7.6,7.6,61700
2018-12-06,7.54,9.32,7.25,9.3,9.3,87400
2018-12-07,9.33,10.5,8.22,10.0,10.0,142900
2018-12-10,10.0,10.0,8.36,8.45,8.45,35700
2018-12-11,8.46,8.75,8.21,8.66,8.66,29700
2018-12-12,8.56,8.56,7.78,8.23,8.23,38400
2018-12-13,8.07,8.26,7.51,7.71,7.71,30300
2018-12-14,7.65,7.65,6.74,7.01,7.01,51900
2018-12-17,7.1,7.3,6.5,6.66,6.66,53300
2018-12-18,6.75,8.01,6.75,6.82,6.82,100500
2018-12-19,6.76,6.93,6.55,6.68,6.68,106200
2018-12-20,6.51,6.87,5.95,6.52,6.52,164500
2018-12-21,6.55,6.55,5.65,6.11,6.11,930900
2018-12-24,6.41,7.67,6.15,7.34,7.34,60600
2018-12-26,7.42,9.34,6.64,8.22,8.22,126500
2018-12-27,8.06,8.19,7.04,7.25,7.25,93200
2018-12-28,7.23,7.25,6.5,6.62,6.62,157700
2018-12-31,6.65,7.32,6.5,7.1,7.1,62500
2019-01-02,7.06,7.86,6.55,7.34,7.34,66500
2019-01-03,7.32,7.95,6.84,7.93,7.93,66700
2019-01-04,8.07,8.07,7.08,7.55,7.55,73600
2019-01-07,7.61,8.25,7.56,8.16,8.16,24900
2019-01-08,8.24,8.95,7.72,8.93,8.93,56900
2019-01-09,8.91,9.7,8.78,9.44,9.44,50300
2019-01-10,9.37,10.0,8.7,9.08,9.08,18500
2019-01-11,9.05,9.36,8.51,9.0,9.0,28100
2019-01-14,8.89,8.89,8.28,8.6,8.6,29200
2019-01-15,8.62,8.62,8.15,8.39,8.39,34200
2019-01-16,8.4,8.77,8.34,8.61,8.61,100500
2019-01-17,8.57,8.62,8.11,8.39,8.39,12100
2019-01-18,8.43,8.88,8.37,8.5,8.5,65600
2019-01-22,8.47,8.83,8.13,8.19,8.19,53700
2019-01-23,8.15,8.59,7.74,7.92,7.92,15900
2019-01-24,7.9,8.48,7.6,7.86,7.86,26500
2019-01-25,8.14,8.54,7.8,8.0,8.0,13100
2019-01-28,8.0,8.5,8.0,8.13,8.13,10700
2019-01-29,8.15,8.21,7.94,7.99,7.99,18900
2019-01-30,7.91,8.12,7.91,7.99,7.99,12800
2019-01-31,8.0,8.14,7.5,7.68,7.68,19500
2019-02-01,7.34,8.03,7.34,7.86,7.86,20900
2019-02-04,7.59,7.99,7.32,7.5,7.5,36300
2019-02-05,7.32,7.85,7.2,7.5,7.5,22600
2019-02-06,7.5,8.22,7.47,7.5,7.5,79300
2019-02-07,7.5,8.14,7.13,7.15,7.15,19100
2019-02-08,7.14,7.44,6.86,7.0,7.0,24100
2019-02-11,7.05,7.19,6.52,6.75,6.75,37300
2019-02-12,6.98,7.28,6.8,7.0,7.0,61600
2019-02-13,6.99,8.0,6.75,6.9,6.9,31400
2019-02-14,6.91,7.05,6.74,6.76,6.76,56000
2019-02-15,6.9,7.05,6.85,6.85,6.85,114300
2019-02-19,6.95,7.68,6.77,6.83,6.83,84300
2019-02-20,7.13,8.27,6.9,7.0,7.0,118000
2019-02-21,7.08,7.1,6.75,6.76,6.76,45200
2019-02-22,6.9,7.27,6.9,7.0,7.0,53700
2019-02-25,7.05,7.4,6.83,6.89,6.89,69500
2019-02-26,6.93,7.12,6.88,6.98,6.98,59100
2019-02-27,6.91,7.24,6.9,6.99,6.99,218200
2019-02-28,7.0,7.31,6.94,7.0,7.0,187500
2019-03-01,7.15,7.32,6.91,7.07,7.07,198700
2019-03-04,7.07,7.17,6.9,6.99,6.99,141200
2019-03-05,7.0,7.1,6.9,6.96,6.96,43200
2019-03-06,6.94,7.07,6.81,6.99,6.99,62100
2019-03-07,6.98,7.02,6.24,6.47,6.47,108900
2019-03-08,6.46,6.81,6.35,6.51,6.51,62400
2019-03-11,6.65,6.93,6.47,6.78,6.78,94200
2019-03-12,6.87,7.09,6.45,6.66,6.66,44400
2019-03-13,6.81,7.15,6.73,6.95,6.95,136600
2019-03-14,7.01,7.06,6.79,7.0,7.0,88300
2019-03-15,7.01,7.18,6.86,6.97,6.97,102600
2019-03-18,6.97,7.09,6.8,6.99,6.99,66200
2019-03-19,7.0,7.15,6.95,7.02,7.02,90100
2019-03-20,7.05,7.23,6.99,6.99,6.99,144400
2019-03-21,7.0,7.11,6.82,6.83,6.83,37000
2019-03-22,6.75,6.97,6.39,6.6,6.6,55100
2019-03-25,6.61,6.7,6.26,6.43,6.43,48700
2019-03-26,6.43,7.05,6.41,7.0,7.0,62700
2019-03-27,6.99,7.01,6.54,6.67,6.67,46400
2019-03-28,6.55,7.23,6.47,6.62,6.62,32100
2019-03-29,6.75,6.75,6.47,6.53,6.53,33500
2019-04-01,6.53,6.69,6.38,6.45,6.45,82100
2019-04-02,6.47,6.47,5.86,6.2,6.2,164200
2019-04-03,6.2,6.55,6.01,6.31,6.31,91600
2019-04-04,6.32,6.97,6.32,6.85,6.85,77800
2019-04-05,6.95,7.15,6.48,6.5,6.5,199400
2019-04-08,6.92,7.25,6.65,6.92,6.92,265800
2019-04-09,6.95,7.18,6.85,7.06,7.06,27200
2019-04-10,7.0,7.12,6.85,6.99,6.99,36400
2019-04-11,6.94,7.22,6.9,7.16,7.16,90900
2019-04-12,7.15,7.16,6.82,7.06,7.06,36100
2019-04-15,7.15,7.15,6.92,6.98,6.98,35800
2019-04-16,6.91,7.1,6.9,7.02,7.02,50500
2019-04-17,7.0,7.15,6.92,6.98,6.98,159400
2019-04-18,6.98,7.38,6.88,7.35,7.35,48300
2019-04-22,7.34,7.45,6.95,7.16,7.16,53800
2019-04-23,7.16,7.28,7.1,7.2,7.2,28300
2019-04-24,7.2,7.5,7.08,7.42,7.42,139900
2019-04-25,7.24,7.5,7.24,7.35,7.35,42400
2019-04-26,7.4,7.49,7.23,7.41,7.41,15600
2019-04-29,7.41,7.5,7.2,7.3,7.3,20000
2019-04-30,7.24,7.46,7.17,7.42,7.42,40900
2019-05-01,7.37,7.45,7.2,7.45,7.45,27300
2019-05-02,7.5,7.5,7.22,7.43,7.43,50600
2019-05-03,7.45,7.6,7.36,7.55,7.55,75700
2019-05-06,7.5,7.5,7.41,7.49,7.49,51700
2019-05-07,7.36,7.5,7.12,7.25,7.25,67400
2019-05-08,7.25,7.5,7.22,7.44,7.44,37000
2019-05-09,7.35,7.5,7.31,7.47,7.47,48500
2019-05-10,7.39,7.5,7.39,7.49,7.49,59300
2019-05-13,7.4,7.5,7.32,7.47,7.47,49000
2019-05-14,7.49,7.5,7.42,7.5,7.5,38600
2019-05-15,7.64,8.3,7.4,7.72,7.72,201700
2019-05-16,7.89,8.89,7.43,8.66,8.66,158400
2019-05-17,8.69,9.41,8.63,9.01,9.01,269800
2019-05-20,9.0,9.11,8.8,8.86,8.86,111100
2019-05-21,8.96,9.1,8.96,9.1,9.1,95400
2019-05-22,9.12,10.71,9.12,10.24,10.24,145900
2019-05-23,10.21,10.25,9.48,10.0,10.0,129400
2019-05-24,10.0,10.13,9.43,9.53,9.53,55500
2019-05-28,9.53,9.9,9.42,9.6,9.6,31700
2019-05-29,9.48,10.11,9.48,9.94,9.94,78400
2019-05-30,10.0,10.1,9.42,9.57,9.57,86900
2019-05-31,9.34,9.98,8.95,9.88,9.88,130100
2019-06-03,9.83,10.31,9.72,10.13,10.13,166400
2019-06-04,10.32,10.5,10.15,10.35,10.35,121100
2019-06-05,10.4,10.43,10.09,10.22,10.22,117000
2019-06-06,10.3,10.49,9.98,10.29,10.29,68400
2019-06-07,10.33,10.34,9.83,10.29,10.29,108300
2019-06-10,10.34,11.74,10.34,11.6,11.6,388200
2019-06-11,11.76,11.76,10.9,11.17,11.17,228300
2019-06-12,11.17,12.16,11.17,11.8,11.8,156000
2019-06-13,11.88,13.0,11.63,11.95,11.95,271100
2019-06-14,11.78,12.0,11.43,11.97,11.97,149300
2019-06-17,12.0,12.07,11.84,12.0,12.0,145100
2019-06-18,12.03,12.1,11.55,11.7,11.7,151300
2019-06-19,11.76,12.44,11.71,11.95,11.95,252000
2019-06-20,12.1,12.31,11.58,11.99,11.99,236100
2019-06-21,11.62,12.42,11.23,12.0,12.0,346000
2019-06-24,11.91,12.04,11.42,11.49,11.49,187100
2019-06-25,11.55,11.94,11.33,11.4,11.4,257100
2019-06-26,11.52,11.73,11.38,11.46,11.46,100200
2019-06-27,11.53,11.71,11.2,11.21,11.21,250500
2019-06-28,11.21,11.75,11.03,11.7,11.7,2098300
2019-07-01,11.75,12.83,11.75,12.58,12.58,224700
2019-07-02,12.64,12.97,12.3,12.7,12.7,142100
2019-07-03,12.62,13.69,12.33,13.56,13.56,149100
2019-07-05,13.56,13.72,13.0,13.22,13.22,153000
2019-07-08,13.2,13.2,12.74,12.89,12.89,135500
2019-07-09,12.8,13.25,12.8,13.23,13.23,283700
2019-07-10,13.31,14.16,12.89,13.18,13.18,375800
2019-07-11,13.15,13.6,12.9,13.22,13.22,377800
2019-07-12,13.32,14.45,13.15,14.0,14.0,237200
2019-07-15,14.01,14.39,13.64,14.05,14.05,106800
2019-07-16,14.05,14.58,13.94,14.23,14.23,87900
2019-07-17,14.44,14.55,13.24,13.9,13.9,131000
2019-07-18,13.89,14.34,13.79,14.17,14.17,75800
2019-07-19,14.14,14.88,14.13,14.55,14.55,153100
2019-07-22,14.64,15.18,14.36,14.97,14.97,139400
2019-07-23,15.22,15.22,14.08,14.2,14.2,126900
2019-07-24,14.25,14.58,14.01,14.43,14.43,82600
2019-07-25,14.44,14.44,11.62,12.05,12.05,381600
2019-07-26,12.1,12.93,11.97,12.7,12.7,127000
2019-07-29,12.5,13.04,11.9,12.8,12.8,121300
2019-07-30,12.71,13.08,12.71,12.79,12.79,73900
2019-07-31,12.79,13.03,12.07,12.31,12.31,135200
2019-08-01,12.32,13.28,12.18,12.85,12.85,117200
2019-08-02,12.77,12.77,12.09,12.42,12.42,51700
2019-08-05,12.27,12.48,11.03,11.46,11.46,105400
2019-08-06,11.53,12.09,11.21,11.89,11.89,82400
2019-08-07,11.75,12.1,11.12,11.7,11.7,81800
2019-08-08,11.76,12.15,11.5,11.72,11.72,87900
2019-08-09,11.68,11.84,11.24,11.57,11.57,49300
2019-08-12,11.5,11.54,11.03,11.24,11.24,54000
2019-08-13,11.29,11.77,10.97,11.48,11.48,63000
2019-08-14,11.29,11.29,10.28,10.34,10.34,71500
2019-08-15,10.36,10.54,10.07,10.24,10.24,50500
2019-08-16,10.27,11.06,10.25,11.03,11.03,105300
2019-08-19,11.11,11.67,10.31,11.56,11.56,103200
2019-08-20,11.44,11.79,11.16,11.6,11.6,42400
2019-08-21,11.8,12.45,11.28,12.07,12.07,81100
2019-08-22,12.16,12.41,11.62,11.8,11.8,52000
2019-08-23,11.69,12.15,11.14,11.28,11.28,82000
2019-08-26,11.51,11.71,11.02,11.24,11.24,66000
2019-08-27,11.32,11.4,10.37,10.65,10.65,55200
2019-08-28,10.57,11.21,9.47,10.94,10.94,119000
2019-08-29,11.25,11.25,10.99,11.24,11.24,28400
2019-08-30,11.19,11.39,10.81,11.0,11.0,63200
2019-09-03,10.93,11.17,10.61,10.89,10.89,60400
2019-09-04,11.0,11.0,10.64,10.99,10.99,33900
2019-09-05,11.0,12.17,10.87,11.9,11.9,113400
2019-09-06,12.08,12.15,11.49,11.6,11.6,105600
2019-09-09,11.69,12.36,11.47,12.0,12.0,130600
2019-09-10,11.96,14.37,11.62,13.56,13.56,268300
2019-09-11,13.6,14.05,13.5,13.9,13.9,176100
2019-09-12,13.9,14.18,13.59,14.05,14.05,104500
2019-09-13,14.24,15.25,13.9,14.99,14.99,204000
2019-09-16,15.23,18.07,15.23,17.57,17.57,1002300
2019-09-17,17.110001,17.700001,16.5,17.32,17.32,414700
2019-09-18,17.030001,17.26,16.68,16.799999,16.799999,206100
2019-09-19,16.34,16.940001,15.93,16.66,16.66,256200
2019-09-20,16.639999,16.91,16.42,16.639999,16.639999,538500
2019-09-23,16.65,16.98,16.07,16.42,16.42,249300
2019-09-24,16.49,16.82,15.55,15.85,15.85,275100
2019-09-25,15.82,16.15,14.86,14.95,14.95,325000
2019-09-26,14.84,15.1,14.15,14.21,14.21,238800
2019-09-27,14.18,14.39,13.72,14.08,14.08,194400
2019-09-30,14.25,14.68,13.85,14.38,14.38,207000
2019-10-01,14.38,15.24,14.38,14.96,14.96,269300
2019-10-02,14.9,15.33,14.68,14.85,14.85,118300
2019-10-03,14.82,15.3,14.28,14.56,14.56,152700
2019-10-04,14.61,14.79,13.39,13.9,13.9,306300
2019-10-07,13.8,14.79,13.67,14.57,14.57,165500
2019-10-08,14.32,15.31,14.11,14.67,14.67,109900
2019-10-09,14.79,15.72,14.54,15.51,15.51,166700
2019-10-10,15.51,17.58,15.51,16.91,16.91,284400
2019-10-11,17.58,18.620001,16.950001,18.200001,18.200001,431700
2019-10-14,18.59,18.59,16.26,17.639999,17.639999,1073500
2019-10-15,17.52,19.85,17.43,18.85,18.85,461600
2019-10-16,18.75,21.120001,18.610001,20.08,20.08,430500
2019-10-17,20.23,21.25,19.860001,20.129999,20.129999,335400
2019-10-18,20.190001,20.4,19.08,19.76,19.76,251000
2019-10-21,19.620001,21.059999,18.41,20.110001,20.110001,362000
2019-10-22,20.07,20.9,19.559999,20.74,20.74,256500
2019-10-23,20.75,21.0,20.02,20.299999,20.299999,270500
2019-10-24,20.41,20.440001,18.82,20.129999,20.129999,1365600
2019-10-25,19.98,22.25,19.530001,21.42,21.42,370600
2019-10-28,21.629999,22.25,21.540001,21.799999,21.799999,191100
2019-10-29,21.85,22.1,21.4,21.690001,21.690001,461300
2019-10-30,21.73,22.200001,20.18,20.49,20.49,334800
2019-10-31,20.27,20.98,18.52,20.709999,20.709999,588500
2019-11-01,20.9,22.200001,20.6,22.0,22.0,272400
2019-11-04,22.0,22.35,20.68,21.709999,21.709999,394400
2019-11-05,21.959999,22.360001,20.57,21.219999,21.219999,249200
2019-11-06,21.190001,22.07,20.84,21.74,21.74,140200
2019-11-07,21.9,22.34,21.4,22.0,22.0,801100
2019-11-08,21.969999,22.379999,21.5,21.9,21.9,228300
2019-11-11,21.790001,23.75,21.629999,23.280001,23.280001,415800
2019-11-12,23.309999,24.25,21.76,21.860001,21.860001,615100
2019-11-13,21.799999,23.700001,20.940001,23.379999,23.379999,283000
2019-11-14,22.25,25.549999,20.809999,25.02,25.02,449900
2019-11-15,25.370001,29.469999,25.360001,29.18,29.18,494300
2019-11-18,29.82,30.719999,28.18,28.9,28.9,485300
2019-11-19,28.940001,30.65,28.91,30.360001,30.360001,344600
2019-11-20,30.33,32.259998,29.68,32.25,32.25,545700
2019-11-21,32.299999,32.419998,28.620001,28.93,28.93,588000
2019-11-22,28.110001,28.65,24.52,25.629999,25.629999,687500
2019-11-25,25.860001,26.42,24.41,26.389999,26.389999,415400
2019-11-26,26.629999,27.940001,25.84,27.549999,27.549999,502100
2019-11-27,27.82,27.83,26.139999,27.27,27.27,381300
2019-11-29,27.17,29.83,27.17,29.6,29.6,92900
2019-12-02,35.0,72.970001,35.0,51.049999,51.049999,5060900
2019-12-03,46.52,61.0,46.52,49.200001,49.200001,2736100
2019-12-04,55.380001,74.5,53.0,73.410004,73.410004,4983700
2019-12-05,65.699997,67.0,60.110001,64.410004,64.410004,2222500
2019-12-06,64.0,65.5,58.759998,64.470001,64.470001,956000
2019-12-09,65.0,70.779999,62.900002,67.889999,67.889999,1083400
2019-12-10,66.5,66.5,57.360001,61.360001,61.360001,900000
2019-12-11,61.0,63.130001,60.049999,62.810001,62.810001,442200
2019-12-12,62.470001,63.779999,60.869999,62.889999,62.889999,484500
2019-12-13,62.790001,64.5,60.75,63.450001,63.450001,389600
2019-12-16,64.0,71.239998,63.950001,67.139999,67.139999,844800
2019-12-17,67.5,71.760002,66.0,71.199997,71.199997,653800
2019-12-18,71.129997,72.260002,65.309998,65.860001,65.860001,752600
2019-12-19,66.730003,69.879997,66.0,66.790001,66.790001,664100
2019-12-20,66.82,68.529999,65.900002,67.029999,67.029999,1568600
2019-12-23,67.489998,67.669998,64.510002,66.099998,66.099998,465400
2019-12-24,67.589996,77.150002,67.559998,76.650002,76.650002,912800
2019-12-26,76.900002,81.0,74.18,75.889999,75.889999,694700
2019-12-27,76.129997,77.980003,71.980003,73.230003,73.230003,816000
2019-12-30,73.5,75.019997,71.470001,73.510002,73.510002,309100
2019-12-31,72.690002,74.669998,71.010002,71.949997,71.949997,361300
2020-01-02,72.839996,72.900002,65.129997,68.139999,68.139999,432000
2020-01-03,68.589996,69.480003,66.370003,67.669998,67.669998,427600
2020-01-06,66.849998,70.480003,65.120003,67.699997,67.699997,321500
2020-01-07,67.699997,68.809998,66.010002,67.309998,67.309998,222100
2020-01-08,68.529999,68.769997,66.300003,67.32,67.32,216600
2020-01-09,67.580002,70.209999,65.849998,66.980003,66.980003,437000
2020-01-10,66.809998,71.540001,66.199997,69.389999,69.389999,400700
2020-01-13,71.190002,71.199997,64.300003,65.349998,65.349998,314200
2020-01-14,64.68,65.019997,61.48,62.720001,62.720001,477200
2020-01-15,62.700001,65.660004,62.299999,63.5,63.5,345800
2020-01-16,64.129997,65.239998,61.720001,64.910004,64.910004,225500
2020-01-17,65.260002,67.68,64.879997,66.059998,66.059998,241200
2020-01-21,65.919998,67.0,62.799999,63.299999,63.299999,243300
2020-01-22,63.689999,64.959999,63.16,64.099998,64.099998,186600
2020-01-23,63.73,67.879997,60.869999,65.959999,65.959999,286000
2020-01-24,66.169998,67.010002,61.18,62.650002,62.650002,320400
2020-01-27,60.18,64.879997,58.950001,63.889999,63.889999,280400
2020-01-28,64.550003,67.440002,63.860001,64.879997,64.879997,204200
2020-01-29,65.25,65.690002,62.009998,63.900002,63.900002,230900
2020-01-30,63.200001,64.379997,60.720001,62.439999,62.439999,246600
2020-01-31,61.880001,63.009998,59.720001,61.07,61.07,251500
2020-02-03,61.0,63.549999,57.700001,62.939999,62.939999,379600
2020-02-04,63.91,67.279999,63.91,67.199997,67.199997,278800
2020-02-05,67.199997,68.279999,63.720001,64.839996,64.839996,301400
2020-02-06,66.980003,71.449997,66.0,69.349998,69.349998,452400
2020-02-07,69.470001,74.739998,68.889999,73.949997,73.949997,530800
2020-02-10,74.540001,82.75,70.449997,70.919998,70.919998,1139700
2020-02-11,70.230003,70.43,62.84,63.599998,63.599998,626800
2020-02-12,64.0,65.099998,62.939999,64.260002,64.260002,290200
2020-02-13,63.330002,64.470001,62.509998,62.77,62.77,258600
2020-02-14,62.91,63.419998,59.68,60.0,60.0,287600
2020-02-18,59.419998,59.779999,56.73,58.919998,58.919998,429000
2020-02-19,59.240002,60.990002,57.360001,59.900002,59.900002,306600
2020-02-20,59.73,59.82,57.279999,58.099998,58.099998,361600
2020-02-21,58.0,59.549999,57.029999,58.279999,58.279999,248100
2020-02-24,55.869999,61.43,55.049999,60.779999,60.779999,570300
2020-02-25,61.029999,61.560001,56.599998,57.610001,57.610001,739300
2020-02-26,57.619999,63.0,57.119999,62.389999,62.389999,540500
2020-02-27,61.939999,62.369999,57.029999,57.59,57.59,381000
2020-02-28,56.07,64.480003,55.32,63.970001,63.970001,553600
2020-03-02,64.900002,68.389999,61.349998,67.709999,67.709999,470100
2020-03-03,68.449997,69.400002,65.150002,67.010002,67.010002,333600
2020-03-04,68.269997,71.239998,67.889999,69.519997,69.519997,348200
2020-03-05,67.82,70.5,64.760002,65.82,65.82,261600
2020-03-06,63.610001,65.5,60.5,63.919998,63.919998,390000
2020-03-09,57.93,63.799999,57.75,60.290001,60.290001,686100
2020-03-10,62.360001,62.439999,54.099998,58.709999,58.709999,682000
2020-03-11,56.57,58.389999,53.080002,53.849998,53.849998,478300
2020-03-12,50.34,52.259998,47.110001,49.919998,49.919998,576800
2020-03-13,52.0,53.990002,43.349998,53.18,53.18,485600
2020-03-16,42.470001,49.150002,38.029999,40.330002,40.330002,748700
2020-03-17,41.799999,44.310001,38.669998,41.560001,41.560001,585600
2020-03-18,39.5,41.540001,35.490002,38.18,38.18,624100
2020-03-19,40.009998,44.5,38.610001,42.970001,42.970001,518200
2020-03-20,43.209999,49.25,41.32,45.02,45.02,1433500
2020-03-23,45.080002,48.509998,42.75,46.400002,46.400002,325500
2020-03-24,48.799999,49.0,45.099998,47.799999,47.799999,362300
2020-03-25,48.060001,50.18,45.240002,46.419998,46.419998,298500
2020-03-26,46.84,49.43,46.689999,48.75,48.75,222500
2020-03-27,46.889999,49.419998,44.080002,47.84,47.84,324900
2020-03-30,48.360001,50.380001,47.029999,50.049999,50.049999,205700
2020-03-31,50.799999,51.689999,45.060001,47.700001,47.700001,408200
2020-04-01,45.52,46.040001,41.080002,42.740002,42.740002,502900
2020-04-02,41.970001,44.369999,41.970001,43.720001,43.720001,337900
2020-04-03,43.310001,44.380001,41.130001,43.130001,43.130001,179900
2020-04-06,44.950001,48.580002,44.549999,46.919998,46.919998,274100
2020-04-07,48.790001,49.93,42.509998,43.049999,43.049999,308400
2020-04-08,43.580002,46.98,42.02,46.549999,46.549999,362200
2020-04-09,47.740002,51.130001,46.939999,50.669998,50.669998,340200
2020-04-13,50.369999,50.790001,48.91,50.139999,50.139999,192100
2020-04-14,51.709999,53.48,50.970001,53.220001,53.220001,347200
2020-04-15,51.740002,51.869999,48.93,49.98,49.98,252800
2020-04-16,50.32,52.389999,48.84,50.57,50.57,289900
2020-04-17,51.880001,53.490002,49.389999,52.970001,52.970001,349200
2020-04-20,52.630001,56.52,51.23,53.939999,53.939999,240200
2020-04-21,52.91,53.419998,48.349998,51.630001,51.630001,202800
2020-04-22,52.349998,53.82,50.459999,51.09,51.09,222600
2020-04-23,50.869999,52.330002,48.5,48.57,48.57,251200
2020-04-24,48.639999,52.98,48.029999,52.939999,52.939999,258300
2020-04-27,54.0,56.919998,52.349998,52.619999,52.619999,242600
2020-04-28,53.599998,53.599998,50.529999,51.939999,51.939999,229000
2020-04-29,53.900002,58.779999,52.689999,56.650002,56.650002,307600
2020-04-30,55.91,56.700001,53.41,54.549999,54.549999,221700
2020-05-01,52.77,53.200001,49.16,50.880001,50.880001,272300
2020-05-04,50.16,51.759998,49.41,51.599998,51.599998,212100
2020-05-05,52.169998,57.380001,52.0,55.43,55.43,243800
2020-05-06,55.369999,57.0,54.130001,55.060001,55.060001,166400
2020-05-07,55.619999,56.759998,53.299999,55.400002,55.400002,218200
2020-05-08,55.41,57.939999,54.529999,56.990002,56.990002,347000
2020-05-11,55.279999,59.220001,55.25,58.450001,58.450001,411300
2020-05-12,58.470001,61.919998,55.709999,55.709999,55.709999,485800
2020-05-13,55.279999,57.580002,52.110001,53.669998,53.669998,315200
2020-05-14,52.209999,54.93,51.290001,54.790001,54.790001,279900
2020-05-15,54.889999,56.990002,53.560001,56.619999,56.619999,148700
2020-05-18,58.810001,59.0,56.459999,58.450001,58.450001,256200
2020-05-19,57.880001,60.560001,57.860001,58.259998,58.259998,311000
2020-05-20,58.720001,62.369999,58.5,61.93,61.93,220200
2020-05-21,62.23,62.810001,60.060001,61.580002,61.580002,167000
2020-05-22,61.810001,62.799999,59.330002,61.599998,61.599998,241000
2020-05-26,63.200001,65.0,60.169998,60.439999,60.439999,276600
2020-05-27,60.709999,64.629997,57.299999,64.519997,64.519997,324300
2020-05-28,64.580002,65.309998,62.389999,62.709999,62.709999,234000
2020-05-29,62.75,64.980003,61.040001,64.610001,64.610001,255800
2020-06-01,64.830002,65.57,63.470001,64.220001,64.220001,333300
2020-06-02,64.559998,67.57,64.300003,65.389999,65.389999,506000
2020-06-03,64.540001,67.5,64.410004,66.050003,66.050003,195400
2020-06-04,65.279999,66.730003,64.400002,66.25,66.25,240100
2020-06-05,67.339996,68.5,61.07,61.349998,61.349998,394100
2020-06-08,61.93,63.43,60.029999,62.5,62.5,212300
2020-06-09,62.09,65.699997,62.09,64.370003,64.370003,165700
2020-06-10,65.099998,67.25,64.199997,64.610001,64.610001,224200
2020-06-11,63.259998,64.300003,58.860001,58.959999,58.959999,238300
2020-06-12,61.439999,62.150002,56.599998,58.060001,58.060001,324000
2020-06-15,57.07,63.099998,56.02,63.0,63.0,257900
2020-06-16,64.739998,66.419998,63.540001,64.419998,64.419998,174400
2020-06-17,64.669998,66.0,62.849998,63.459999,63.459999,261200
2020-06-18,62.720001,64.699997,62.349998,64.269997,64.269997,280900
2020-06-19,64.690002,66.580002,63.759998,64.419998,64.419998,1204300
2020-06-22,64.360001,65.919998,58.200001,59.049999,59.049999,626200
2020-06-23,59.5,63.790001,59.439999,61.529999,61.529999,387200
2020-06-24,60.959999,61.599998,56.700001,56.919998,56.919998,252100
2020-06-25,56.57,58.580002,55.509998,57.110001,57.110001,227800
2020-06-26,56.650002,57.400002,52.830002,52.959999,52.959999,503500
2020-06-29,53.73,55.0,51.759998,53.689999,53.689999,288200
2020-06-30,53.91,56.34,53.139999,54.119999,54.119999,260400
2020-07-01,54.610001,55.720001,48.5,50.25,50.25,697600
2020-07-02,51.310001,51.740002,46.5,48.59,48.59,740000
2020-07-06,49.790001,52.619999,49.75,50.349998,50.349998,376800
2020-07-07,50.400002,51.970001,49.77,50.240002,50.240002,147200
2020-07-08,50.419998,52.119999,48.540001,51.66,51.66,279500
2020-07-09,51.84,54.34,50.700001,53.459999,53.459999,274600
2020-07-10,53.549999,53.91,51.700001,52.75,52.75,268100
2020-07-13,53.630001,54.09,48.32,48.549999,48.549999,607300
2020-07-14,48.360001,49.830002,46.509998,48.77,48.77,298600
2020-07-15,50.200001,52.330002,49.040001,51.48,51.48,223500
2020-07-16,50.990002,52.040001,47.279999,48.049999,48.049999,253300
2020-07-17,47.779999,50.27,47.630001,49.110001,49.110001,224100
2020-07-20,49.009998,51.330002,48.889999,51.259998,51.259998,180000
2020-07-21,51.759998,51.759998,47.360001,47.799999,47.799999,325000
2020-07-22,47.810001,49.18,47.0,47.860001,47.860001,256200
2020-07-23,47.700001,47.860001,44.610001,45.099998,45.099998,301100
2020-07-24,45.150002,45.959999,42.970001,45.049999,45.049999,247300
2020-07-27,45.389999,47.099998,44.25,47.0,47.0,266400
2020-07-28,47.049999,47.599998,46.34,46.380001,46.380001,291700
2020-07-29,47.459999,47.700001,45.16,46.25,46.25,281800
2020-07-30,46.720001,48.169998,45.740002,47.490002,47.490002,222500
2020-07-31,47.650002,48.150002,45.93,46.330002,46.330002,316300
2020-08-03,46.68,47.389999,45.540001,47.189999,47.189999,239900
2020-08-04,47.040001,47.200001,45.77,46.75,46.75,146100
2020-08-05,46.68,47.450001,46.139999,46.91,46.91,273300
2020-08-06,46.98,48.27,46.560001,48.07,48.07,207300
2020-08-07,48.25,49.029999,47.450001,48.099998,48.099998,155200
2020-08-10,48.119999,50.0,46.419998,48.709999,48.709999,196000
2020-08-11,48.830002,51.099998,47.41,48.689999,48.689999,237400
2020-08-12,49.080002,51.400002,47.900002,48.59,48.59,225900
2020-08-13,48.630001,49.389999,47.889999,48.200001,48.200001,139600
2020-08-14,47.880001,49.02,47.580002,47.880001,47.880001,104600
2020-08-17,47.830002,48.939999,47.639999,48.57,48.57,222800
2020-08-18,48.73,48.73,46.369999,46.439999,46.439999,167400
2020-08-19,46.439999,47.709999,46.259998,46.900002,46.900002,155700
2020-08-20,46.43,48.049999,45.91,47.950001,47.950001,207000
2020-08-21,47.990002,49.459999,47.25,49.290001,49.290001,327300
2020-08-24,51.880001,53.77,50.939999,52.400002,52.400002,301000
2020-08-25,51.66,53.689999,50.950001,53.5,53.5,175200
2020-08-26,53.709999,54.48,50.959999,50.990002,50.990002,183200
2020-08-27,50.98,51.169998,49.98,50.790001,50.790001,146400
2020-08-28,50.709999,51.779999,50.110001,51.130001,51.130001,85600
2020-08-31,51.259998,53.169998,50.790001,52.59,52.59,195700
2020-09-01,52.34,52.509998,50.130001,50.650002,50.650002,188200
2020-09-02,50.369999,50.970001,49.119999,49.77,49.77,201100
2020-09-03,49.52,50.080002,46.900002,47.5,47.5,387000
2020-09-04,47.919998,48.25,45.02,47.509998,47.509998,338900
2020-09-08,46.830002,48.439999,45.450001,47.5,47.5,334600
2020-09-09,49.880001,52.330002,49.779999,51.580002,51.580002,293800
2020-09-10,51.43,52.259998,48.939999,49.439999,49.439999,251100
2020-09-11,49.639999,51.0,48.209999,49.060001,49.060001,154500
2020-09-14,50.220001,52.75,50.220001,52.540001,52.540001,323800
2020-09-15,53.0,55.080002,51.529999,53.200001,53.200001,254400
2020-09-16,54.07,56.799999,53.880001,55.52,55.52,266700
2020-09-17,54.799999,55.84,53.490002,54.52,54.52,131100
2020-09-18,56.439999,58.25,55.240002,57.009998,57.009998,452700
2020-09-21,56.75,56.959999,51.110001,51.209999,51.209999,452100
2020-09-22,51.450001,52.419998,49.599998,52.259998,52.259998,259600
2020-09-23,52.259998,53.279999,51.700001,52.400002,52.400002,429900
2020-09-24,52.380001,53.849998,51.279999,52.599998,52.599998,323800
2020-09-25,54.599998,58.400002,54.0,58.330002,58.330002,453000
2020-09-28,59.5,59.73,55.439999,57.59,57.59,224600
2020-09-29,57.689999,60.18,57.689999,59.27,59.27,372200
2020-09-30,59.169998,60.68,58.639999,59.209999,59.209999,315700
2020-10-01,59.5,62.240002,59.360001,62.07,62.07,342600
2020-10-02,60.279999,63.099998,60.0,60.779999,60.779999,249900
2020-10-05,61.119999,62.91,60.459999,62.43,62.43,215600
2020-10-06,62.59,66.0,61.82,64.330002,64.330002,284800
2020-10-07,65.43,67.349998,63.990002,67.260002,67.260002,173100
2020-10-08,67.5,70.029999,67.209999,69.360001,69.360001,249400
2020-10-09,69.82,73.029999,69.019997,71.25,71.25,470400
2020-10-12,71.889999,73.75,70.5,72.940002,72.940002,410400
2020-10-13,74.25,76.5,73.349998,76.480003,76.480003,397700
2020-10-14,76.25,76.790001,74.230003,74.900002,74.900002,420700
2020-10-15,74.269997,77.830002,72.559998,76.07,76.07,473700
2020-10-16,75.870003,78.0,75.260002,76.489998,76.489998,243500
2020-10-19,77.029999,77.739998,75.239998,77.510002,77.510002,247200
2020-10-20,77.599998,79.730003,76.07,78.0,78.0,258700
2020-10-21,78.360001,79.849998,77.0,78.779999,78.779999,257500
2020-10-22,79.360001,85.339996,79.089996,84.809998,84.809998,367100
2020-10-23,85.199997,96.830002,85.050003,96.629997,96.629997,1155700
2020-10-26,88.0,96.940002,87.5,96.660004,96.660004,528300
2020-10-27,96.949997,102.739998,94.839996,97.739998,97.739998,463200
2020-10-28,96.419998,99.919998,94.040001,95.860001,95.860001,459100
2020-10-29,97.07,101.769997,92.18,99.760002,99.760002,308400
2020-10-30,98.900002,98.900002,89.839996,90.809998,90.809998,312700
2020-11-02,91.660004,95.400002,88.239998,91.040001,91.040001,299700
2020-11-03,92.419998,94.980003,90.550003,94.010002,94.010002,218300
2020-11-04,93.589996,104.989998,93.589996,103.349998,103.349998,271000
2020-11-05,104.339996,108.25,99.290001,107.629997,107.629997,249800
2020-11-06,107.82,109.669998,103.260002,108.589996,108.589996,216100
2020-11-09,109.660004,126.419998,107.07,113.169998,113.169998,445500
2020-11-10,112.550003,119.410004,110.07,117.269997,117.269997,461600
2020-11-11,119.989998,122.0,115.5,119.989998,119.989998,266500
2020-11-12,119.360001,131.009995,117.660004,122.629997,122.629997,306400
2020-11-13,116.010002,120.75,109.699997,116.800003,116.800003,507900
2020-11-16,115.489998,120.720001,112.010002,113.559998,113.559998,360200
2020-11-17,107.5,116.050003,104.260002,114.239998,114.239998,762100
2020-11-18,120.169998,141.5,120.0,127.010002,127.010002,2516800
2020-11-19,127.5,139.479996,127.5,137.919998,137.919998,1167500
2020-11-20,138.699997,141.979996,132.839996,140.0,140.0,843700
2020-11-23,136.130005,139.610001,124.519997,125.519997,125.519997,590700
2020-11-24,128.610001,130.0,117.110001,121.989998,121.989998,516600
2020-11-25,123.660004,133.389999,122.459999,132.199997,132.199997,473500
2020-11-27,132.850006,140.130005,130.169998,135.0,135.0,175200
2020-11-30,130.320007,136.679993,127.389999,136.669998,136.669998,528600
2020-12-01,138.880005,138.880005,125.099998,130.169998,130.169998,525100
2020-12-02,130.520004,132.75,126.029999,130.729996,130.729996,218600
2020-12-03,131.0,131.0,126.220001,127.050003,127.050003,277800
2020-12-04,127.199997,127.709999,122.739998,124.370003,124.370003,210400
2020-12-07,124.260002,129.169998,121.480003,124.699997,124.699997,336500
2020-12-08,124.720001,133.470001,124.550003,130.589996,130.589996,402100
2020-12-09,131.839996,131.850006,122.080002,124.110001,124.110001,282500
2020-12-10,121.639999,128.350006,121.099998,126.739998,126.739998,455800
2020-12-11,126.75,136.110001,125.089996,125.82,125.82,305800
2020-12-14,129.039993,135.990005,128.789993,130.100006,130.100006,331500
2020-12-15,131.429993,134.690002,127.230003,133.059998,133.059998,202000
2020-12-16,133.949997,140.990005,131.740005,134.960007,134.960007,368400
2020-12-17,137.020004,139.470001,132.050003,138.710007,138.710007,233000
2020-12-18,139.259995,144.5,136.380005,140.479996,140.479996,1025400
2020-12-21,139.990005,150.690002,137.5,149.470001,149.470001,460300
2020-12-22,151.720001,153.580002,146.050003,151.710007,151.710007,235700
2020-12-23,152.820007,156.110001,145.979996,153.309998,153.309998,164300
2020-12-24,153.389999,156.220001,151.300003,154.029999,154.029999,71600
2020-12-28,156.350006,159.179993,150.699997,151.070007,151.070007,281400
2020-12-29,150.820007,152.949997,140.029999,146.259995,146.259995,273700
2020-12-30,148.440002,152.729996,147.009995,151.330002,151.330002,166600
2020-12-31,151.330002,151.330002,144.160004,146.910004,146.910004,205200
2021-01-04,146.639999,150.009995,136.940002,137.729996,137.729996,391200
2021-01-05,137.5,143.619995,134.0,134.789993,134.789993,242300
2021-01-06,132.919998,139.460007,129.240005,136.699997,136.699997,290300
2021-01-07,137.600006,149.979996,137.600006,147.279999,147.279999,317600
2021-01-08,147.529999,157.169998,147.529999,153.789993,153.789993,270500
2021-01-11,150.960007,156.470001,150.009995,151.149994,151.149994,217600
2021-01-12,151.839996,158.979996,149.899994,157.899994,157.899994,274900
2021-01-13,158.449997,163.479996,152.490005,153.669998,153.669998,222200
2021-01-14,154.770004,165.350006,154.770004,162.350006,162.350006,276700
2021-01-15,162.350006,169.979996,155.899994,158.539993,158.539993,279000
2021-01-19,158.539993,166.690002,156.75,164.470001,164.470001,252500
2021-01-20,165.149994,168.960007,158.529999,158.600006,158.600006,272300
2021-01-21,160.020004,160.020004,151.970001,158.020004,158.020004,193400
2021-01-22,156.270004,165.0,155.5,164.330002,164.330002,171800
2021-01-25,157.850006,162.899994,152.369995,155.889999,155.889999,215800
2021-01-26,156.809998,158.130005,144.520004,145.910004,145.910004,284900
2021-01-27,144.0,144.880005,131.789993,134.210007,134.210007,564400
2021-01-28,135.0,136.429993,127.599998,128.270004,128.270004,344500
2021-01-29,126.269997,130.600006,119.440002,126.309998,126.309998,499600
2021-02-01,128.210007,133.610001,121.82,131.110001,131.110001,377400
2021-02-02,131.800003,141.740005,130.360001,140.300003,140.300003,232900
2021-02-03,139.339996,147.350006,136.460007,138.039993,138.039993,260600
2021-02-04,138.479996,145.660004,135.899994,144.789993,144.789993,230400
2021-02-05,145.919998,150.070007,144.710007,149.929993,149.929993,167000
2021-02-08,150.740005,160.179993,150.429993,158.839996,158.839996,204400
2021-02-09,158.559998,161.850006,154.0,160.429993,160.429993,235200
2021-02-10,162.710007,171.210007,158.929993,160.149994,160.149994,299900
2021-02-11,162.960007,167.369995,154.669998,160.570007,160.570007,228200
2021-02-12,161.389999,164.990005,156.089996,157.029999,157.029999,267600
2021-02-16,157.039993,164.729996,142.820007,145.580002,145.580002,528600
2021-02-17,136.259995,138.990005,131.229996,138.080002,138.080002,565200
2021-02-18,136.589996,141.199997,132.0,134.100006,134.100006,255300
2021-02-19,132.570007,136.199997,127.910004,131.440002,131.440002,361300
2021-02-22,129.320007,129.600006,120.800003,122.610001,122.610001,372500
2021-02-23,119.639999,129.800003,112.510002,125.650002,125.650002,537200
2021-02-24,122.370003,132.25,120.0,129.949997,129.949997,222300
2021-02-25,128.679993,132.0,120.860001,121.080002,121.080002,247500
2021-02-26,122.5,133.339996,120.379997,129.009995,129.009995,363900
2021-03-01,123.220001,137.600006,123.07,134.789993,134.789993,295800
2021-03-02,132.630005,134.610001,124.660004,125.160004,125.160004,253900
2021-03-03,125.0,125.0,114.300003,115.279999,115.279999,356800
2021-03-04,114.540001,118.139999,108.099998,111.669998,111.669998,398200
2021-03-05,114.989998,120.720001,108.57,120.489998,120.489998,334600
2021-03-08,119.790001,124.529999,115.699997,116.589996,116.589996,198100
2021-03-09,122.019997,129.910004,120.050003,127.32,127.32,305000
2021-03-10,129.649994,131.990005,124.480003,126.889999,126.889999,247800
2021-03-11,130.619995,136.029999,125.139999,132.270004,132.270004,301600
2021-03-12,130.960007,131.389999,124.519997,126.989998,126.989998,259500
2021-03-15,126.279999,128.679993,123.900002,127.559998,127.559998,247200
2021-03-16,129.600006,134.600006,125.980003,129.080002,129.080002,310800
2021-03-17,127.07,135.330002,126.599998,134.410004,134.410004,213800
2021-03-18,131.860001,137.050003,123.480003,125.010002,125.010002,304300
2021-03-19,124.830002,132.460007,122.220001,129.940002,129.940002,715200
2021-03-22,130.889999,133.690002,128.889999,131.139999,131.139999,180000
2021-03-23,130.149994,130.149994,119.709999,120.68,120.68,280700
2021-03-24,122.540001,123.690002,114.139999,115.0,115.0,304100
2021-03-25,112.559998,119.690002,110.660004,119.449997,119.449997,300100
2021-03-26,120.029999,121.480003,114.339996,116.330002,116.330002,304900
2021-03-29,115.169998,116.160004,111.010002,112.739998,112.739998,418300
2021-03-30,112.290001,112.760002,108.440002,110.449997,110.449997,290600
2021-03-31,112.160004,117.699997,108.900002,113.389999,113.389999,742400
2021-04-01,116.389999,117.769997,107.309998,109.099998,109.099998,399600
2021-04-05,109.379997,116.5,108.769997,115.559998,115.559998,236300
2021-04-06,113.400002,116.199997,108.900002,110.379997,110.379997,283400
2021-04-07,109.419998,114.150002,106.739998,107.459999,107.459999,219100
2021-04-08,109.260002,114.769997,108.739998,110.269997,110.269997,229200
2021-04-09,109.839996,110.82,106.830002,109.07,109.07,170000
2021-04-12,108.419998,109.82,103.620003,106.199997,106.199997,355800
2021-04-13,107.089996,113.760002,106.68,113.019997,113.019997,306100
2021-04-14,113.239998,122.889999,113.239998,115.68,115.68,591800
2021-04-15,116.440002,118.75,113.010002,115.709999,115.709999,156100
2021-04-16,116.529999,117.860001,112.279999,114.889999,114.889999,176900
2021-04-19,113.809998,116.910004,110.0,112.269997,112.269997,140700
2021-04-20,111.879997,117.129997,108.739998,113.730003,113.730003,243500
2021-04-21,113.760002,117.82,112.889999,117.480003,117.480003,157300
2021-04-22,117.989998,123.730003,115.519997,121.309998,121.309998,210500
2021-04-23,123.120003,124.519997,117.900002,120.43,120.43,179400
2021-04-26,121.639999,127.290001,119.470001,126.540001,126.540001,223100
2021-04-27,126.970001,127.75,120.300003,121.190002,121.190002,192300
2021-04-28,120.730003,123.580002,118.769997,122.209999,122.209999,151500
2021-04-29,123.650002,124.879997,119.739998,122.709999,122.709999,169800
2021-04-30,121.470001,128.330002,119.25,120.839996,120.839996,191300
2021-05-03,122.260002,123.589996,116.410004,116.75,116.75,166300
2021-05-04,118.800003,118.800003,108.629997,110.519997,110.519997,316400
2021-05-05,111.790001,114.010002,106.019997,107.239998,107.239998,142800
2021-05-06,106.410004,106.620003,99.779999,101.839996,101.839996,398100
2021-05-07,103.82,103.940002,99.660004,101.620003,101.620003,189900
2021-05-10,83.540001,95.5,81.860001,88.410004,88.410004,2212900
2021-05-11,76.0,86.0,73.190002,81.699997,81.699997,1788900
2021-05-12,79.800003,84.529999,79.050003,79.419998,79.419998,561300
2021-05-13,78.5,84.489998,76.550003,80.32,80.32,324700
2021-05-14,80.440002,85.099998,80.110001,84.050003,84.050003,326400
2021-05-17,85.290001,85.620003,81.339996,84.599998,84.599998,251000
2021-05-18,84.769997,88.07,82.519997,82.720001,82.720001,295100
2021-05-19,81.0,83.279999,79.449997,81.330002,81.330002,225500
2021-05-20,82.080002,83.110001,80.199997,80.550003,80.550003,286200
2021-05-21,81.849998,82.669998,79.5,80.620003,80.620003,571500
2021-05-24,81.379997,81.830002,79.360001,81.300003,81.300003,342600
2021-05-25,81.419998,83.830002,80.459999,82.669998,82.669998,411800
2021-05-26,83.059998,85.699997,82.620003,85.5,85.5,236000
2021-05-27,85.900002,87.669998,83.790001,84.18,84.18,483200
2021-05-28,85.0,87.839996,83.209999,83.620003,83.620003,185300
2021-06-01,81.0,81.199997,78.760002,79.220001,79.220001,322700
2021-06-02,79.050003,82.199997,77.93,80.879997,80.879997,424300
2021-06-03,80.110001,80.75,77.129997,78.230003,78.230003,215200
2021-06-04,78.980003,79.849998,76.199997,77.199997,77.199997,269500
2021-06-07,76.580002,82.309998,75.75,81.010002,81.010002,317600
2021-06-08,81.959999,83.18,77.690002,78.400002,78.400002,232200
2021-06-09,79.330002,80.540001,76.360001,78.589996,78.589996,334400
2021-06-10,78.629997,81.910004,76.709999,79.970001,79.970001,310500
2021-06-11,80.970001,83.870003,79.080002,83.620003,83.620003,259700
2021-06-14,84.139999,88.32,83.589996,84.870003,84.870003,466800
2021-06-15,84.75,86.370003,81.120003,82.32,82.32,231200
2021-06-16,80.900002,83.940002,79.800003,81.870003,81.870003,149400
2021-06-17,81.440002,83.940002,79.879997,83.07,83.07,132500
2021-06-18,81.639999,84.540001,80.059998,83.150002,83.150002,620800
2021-06-21,82.169998,86.519997,81.459999,85.440002,85.440002,341100
2021-06-22,84.629997,85.82,83.0,85.150002,85.150002,177100
2021-06-23,84.5,86.199997,83.519997,84.580002,84.580002,175300
2021-06-24,85.540001,88.169998,85.540001,88.019997,88.019997,182900
2021-06-25,88.589996,90.550003,86.800003,90.199997,90.199997,426100
2021-06-28,91.800003,93.599998,90.129997,91.699997,91.699997,261100
2021-06-29,91.720001,93.029999,89.360001,90.889999,90.889999,567000
2021-06-30,90.82,93.540001,88.519997,93.0,93.0,452600
2021-07-01,95.050003,99.550003,93.550003,95.610001,95.610001,389400
2021-07-02,96.150002,97.160004,94.459999,96.309998,96.309998,251300
2021-07-06,96.860001,97.169998,91.860001,92.059998,92.059998,203300
2021-07-07,92.0,93.529999,90.029999,92.580002,92.580002,246700
2021-07-08,89.5,93.279999,88.849998,92.739998,92.739998,211100
2021-07-09,93.43,95.550003,92.559998,95.360001,95.360001,170500
2021-07-12,95.639999,97.769997,93.540001,95.339996,95.339996,368300
2021-07-13,94.510002,94.839996,92.82,93.160004,93.160004,274600
2021-07-14,94.089996,94.089996,88.82,89.07,89.07,262500
2021-07-15,88.550003,89.370003,84.790001,87.57,87.57,292700
2021-07-16,88.940002,89.690002,86.550003,87.75,87.75,223400
2021-07-19,86.410004,86.410004,83.540001,85.139999,85.139999,282300
2021-07-20,85.599998,87.589996,84.669998,86.260002,86.260002,398500
2021-07-21,86.82,88.480003,84.330002,88.110001,88.110001,263600
2021-07-22,87.889999,88.599998,84.57,84.769997,84.769997,224000
2021-07-23,85.029999,85.790001,82.0,85.779999,85.779999,184500
2021-07-26,85.959999,88.120003,84.989998,85.900002,85.900002,135600
2021-07-27,86.269997,86.889999,83.57,86.040001,86.040001,479700
2021-07-28,86.699997,92.0,85.620003,91.879997,91.879997,200400
2021-07-29,92.690002,94.400002,87.839996,87.870003,87.870003,259700
2021-07-30,87.290001,88.199997,83.470001,83.839996,83.839996,292200
2021-08-02,84.339996,85.089996,81.709999,81.970001,81.970001,249200
2021-08-03,82.470001,83.879997,80.0,82.82,82.82,238400
2021-08-04,82.879997,85.779999,82.879997,83.970001,83.970001,183200
2021-08-05,83.940002,88.519997,82.349998,87.050003,87.050003,155800
2021-08-06,87.25,88.330002,83.510002,83.720001,83.720001,216000
2021-08-09,84.339996,86.75,83.709999,86.07,86.07,163900
2021-08-10,85.43,86.769997,83.739998,84.919998,84.919998,150500
2021-08-11,85.910004,88.57,83.75,88.120003,88.120003,299100
2021-08-12,88.690002,89.32,85.300003,88.209999,88.209999,152600
2021-08-13,88.959999,89.870003,87.870003,88.900002,88.900002,243900
2021-08-16,89.949997,90.290001,86.089996,86.199997,86.199997,257800
2021-08-17,83.199997,89.760002,83.169998,89.629997,89.629997,173400
2021-08-18,89.870003,90.93,87.43,87.75,87.75,208900
2021-08-19,87.129997,88.43,86.5,88.099998,88.099998,265700
2021-08-20,87.660004,93.129997,87.660004,91.510002,91.510002,215000
2021-08-23,93.110001,97.440002,92.040001,92.5,92.5,244700
2021-08-24,92.18,92.910004,89.769997,91.610001,91.610001,103300
2021-08-25,91.849998,100.150002,91.660004,99.889999,99.889999,292100
2021-08-26,100.43,100.43,92.769997,93.589996,93.589996,461000
2021-08-27,94.07,100.959999,92.970001,97.529999,97.529999,283900
2021-08-30,98.290001,99.449997,95.269997,96.040001,96.040001,241800
2021-08-31,97.010002,97.129997,94.029999,94.18,94.18,196000
2021-09-01,96.5,98.769997,94.610001,96.849998,96.849998,397400
2021-09-02,97.239998,97.669998,93.589996,94.449997,94.449997,327000
2021-09-03,93.339996,94.010002,90.760002,91.93,91.93,437400
2021-09-07,93.110001,98.57,91.139999,98.260002,98.260002,317000
2021-09-08,98.050003,98.120003,95.580002,95.910004,95.910004,143000
2021-09-09,95.5,99.870003,95.129997,97.459999,97.459999,141200
2021-09-10,99.650002,103.599998,96.32,96.389999,96.389999,271100
2021-09-13,96.82,99.349998,90.989998,94.349998,94.349998,187600
2021-09-14,94.239998,97.400002,93.660004,93.910004,93.910004,163100
2021-09-15,93.309998,94.940002,93.0,94.519997,94.519997,175900
2021-09-16,94.790001,97.260002,94.059998,97.260002,97.260002,119000
2021-09-17,97.5,103.300003,96.129997,102.75,102.75,435100
2021-09-20,100.959999,102.199997,98.339996,99.889999,99.889999,253400
2021-09-21,100.0,103.980003,99.330002,102.019997,102.019997,252000
2021-09-22,102.489998,103.690002,100.589996,102.699997,102.699997,197900
2021-09-23,103.059998,105.339996,101.089996,105.199997,105.199997,153300
2021-09-24,104.370003,105.550003,100.209999,102.0,102.0,243600
2021-09-27,101.919998,107.300003,100.540001,106.940002,106.940002,212900
2021-09-28,104.779999,105.75,99.269997,100.489998,100.489998,318500
2021-09-29,101.160004,102.419998,97.0,97.519997,97.519997,161300
2021-09-30,98.339996,98.339996,95.050003,95.980003,95.980003,294600
2021-10-01,95.830002,97.550003,93.199997,97.0,97.0,259800
2021-10-04,97.400002,100.0,95.800003,98.489998,98.489998,210300
2021-10-05,99.0,101.150002,98.120003,100.160004,100.160004,128000
2021-10-06,98.43,101.5,98.059998,101.129997,101.129997,168500
2021-10-07,101.470001,105.910004,100.669998,103.730003,103.730003,229300
2021-10-08,103.839996,104.690002,102.040001,103.0,103.0,138100
2021-10-11,102.809998,106.269997,102.610001,104.330002,104.330002,113600
2021-10-12,104.129997,108.790001,104.129997,105.849998,105.849998,110300
2021-10-13,105.760002,107.620003,104.760002,106.760002,106.760002,127400
2021-10-14,108.32,109.959999,107.269997,109.660004,109.660004,150300
2021-10-15,111.32,113.449997,109.379997,111.970001,111.970001,190200
2021-10-18,111.709999,115.360001,109.059998,111.769997,111.769997,367800
2021-10-19,111.139999,115.650002,111.139999,112.849998,112.849998,189800
2021-10-20,113.160004,113.830002,111.0,112.690002,112.690002,138500
2021-10-21,113.32,116.0,112.220001,113.349998,113.349998,126800
2021-10-22,113.209999,116.239998,110.75,116.0,116.0,137900
2021-10-25,115.589996,115.849998,110.040001,114.0,114.0,148900
2021-10-26,114.68,115.470001,111.07,111.629997,111.629997,129000
2021-10-27,111.150002,114.459999,111.150002,111.900002,111.900002,115000
2021-10-28,112.5,117.339996,111.120003,117.260002,117.260002,153100
2021-10-29,117.57,119.120003,115.75,117.089996,117.089996,249100
2021-11-01,117.839996,127.690002,117.410004,125.980003,125.980003,288100
2021-11-02,125.230003,126.650002,122.110001,126.339996,126.339996,224100
2021-11-03,126.839996,128.740005,125.099998,128.490005,128.490005,198600
2021-11-04,129.410004,130.5,127.790001,128.490005,128.490005,130100
2021-11-05,129.259995,131.970001,122.720001,123.459999,123.459999,256400
2021-11-08,124.190002,126.32,120.959999,121.809998,121.809998,259800
2021-11-09,122.269997,127.699997,116.709999,117.779999,117.779999,182200
2021-11-10,116.290001,116.779999,110.019997,111.730003,111.730003,352900
2021-11-11,111.769997,113.129997,110.379997,112.120003,112.120003,170400
2021-11-12,112.889999,112.889999,109.610001,112.330002,112.330002,264200
2021-11-15,111.5,111.5,103.470001,104.580002,104.580002,257900
2021-11-16,103.370003,108.779999,103.309998,107.959999,107.959999,174500
2021-11-17,108.139999,108.5,102.040001,102.099998,102.099998,249800
2021-11-18,103.07,103.07,98.57,100.660004,100.660004,330200
2021-11-19,100.360001,100.360001,96.849998,98.660004,98.660004,259800
2021-11-22,99.389999,102.349998,96.279999,98.639999,98.639999,279500
2021-11-23,97.980003,98.199997,94.419998,97.910004,97.910004,160800
2021-11-24,97.330002,100.150002,95.720001,99.879997,99.879997,155700
2021-11-26,97.099998,100.169998,90.269997,94.300003,94.300003,195000
2021-11-29,96.709999,96.709999,93.190002,94.290001,94.290001,222800
2021-11-30,93.169998,94.07,90.129997,91.839996,91.839996,270200
2021-12-01,94.120003,94.660004,87.900002,87.910004,87.910004,238500
2021-12-02,87.970001,89.839996,86.080002,89.620003,89.620003,238200
2021-12-03,89.910004,89.910004,83.129997,83.989998,83.989998,388500
2021-12-06,83.779999,85.550003,81.43,83.540001,83.540001,337200
2021-12-07,85.0,92.309998,84.190002,90.0,90.0,243900
2021-12-08,90.089996,92.25,86.779999,91.279999,91.279999,224700
2021-12-09,90.459999,91.980003,87.18,87.470001,87.470001,282800
2021-12-10,87.989998,90.110001,82.379997,82.709999,82.709999,302300
2021-12-13,82.120003,84.300003,80.690002,83.709999,83.709999,380700
2021-12-14,83.419998,84.800003,80.32,81.57,81.57,188300
2021-12-15,81.510002,82.910004,79.0,82.769997,82.769997,530700
2021-12-16,83.0,84.18,79.870003,80.849998,80.849998,276200
2021-12-17,80.489998,90.660004,79.559998,89.949997,89.949997,517600
2021-12-20,87.860001,89.790001,85.190002,88.629997,88.629997,366900
2021-12-21,89.849998,94.510002,87.760002,94.010002,94.010002,325000
2021-12-22,93.309998,96.330002,92.160004,94.150002,94.150002,229500
2021-12-23,94.120003,96.0,92.279999,94.910004,94.910004,149400
2021-12-27,94.860001,94.860001,90.220001,90.739998,90.739998,155500
2021-12-28,90.540001,92.910004,90.489998,91.260002,91.260002,163600
2021-12-29,91.040001,91.059998,87.470001,88.160004,88.160004,93300
2021-12-30,87.809998,91.190002,86.199997,88.949997,88.949997,95000
2021-12-31,88.949997,89.699997,83.879997,84.779999,84.779999,218300
2022-01-03,85.620003,89.709999,83.110001,89.449997,89.449997,205000
2022-01-04,89.379997,90.239998,83.650002,85.559998,85.559998,247900
2022-01-05,85.760002,88.160004,77.889999,77.900002,77.900002,254600
2022-01-06,77.419998,80.099998,74.059998,76.730003,76.730003,234400
2022-01-07,76.879997,78.0,71.040001,72.209999,72.209999,175700
2022-01-10,71.349998,71.349998,66.650002,69.419998,69.419998,321300
2022-01-11,69.419998,69.870003,65.559998,67.410004,67.410004,419700
2022-01-12,68.0,70.589996,65.0,65.199997,65.199997,399700
2022-01-13,65.940002,65.940002,61.369999,62.82,62.82,422600
2022-01-14,62.349998,65.650002,59.580002,65.129997,65.129997,505800
2022-01-18,64.470001,65.75,61.630001,62.77,62.77,455600
2022-01-19,63.610001,65.779999,62.130001,62.720001,62.720001,331400
2022-01-20,64.110001,67.330002,60.200001,60.439999,60.439999,488000
2022-01-21,59.48,60.880001,56.189999,57.799999,57.799999,644400
2022-01-24,56.540001,62.82,55.009998,62.099998,62.099998,1251100
2022-01-25,60.790001,62.290001,57.5,59.959999,59.959999,445800
2022-01-26,62.0,63.0,54.330002,55.16,55.16,568400
2022-01-27,56.200001,57.25,51.18,51.880001,51.880001,699400
2022-01-28,51.84,54.669998,49.34,54.650002,54.650002,582700
2022-01-31,54.580002,58.990002,53.060001,58.700001,58.700001,632200
2022-02-01,60.450001,62.669998,59.52,62.27,62.27,478900
2022-02-02,64.010002,64.120003,59.619999,60.299999,60.299999,342182
